Professions,Bright Outlook,Category for Bright Outlook
Accountant,1,Numerous Job Openings
Actor,0,This profession isn't forecasted to have future rapid growth nor future numerous job openings
Actuary,1,Rapid Growth
Acupuncturist,0,This profession isn't forecasted to have future rapid growth nor future numerous job openings
Acute Care Nurse,1,Rapid Growth; Numerous Job Openings
Adapted Physical Education Specialist,1,Rapid Growth
"Administrative Law Judges, Adjudicators, and Hearing Officer",0,This profession isn't forecasted to have future rapid growth nor future numerous job openings
Administrative Services Manager,1,Rapid Growth
"Adult Basic Education, Adult Secondary Education, and English as a Second Language Instructor",0,This profession isn't forecasted to have future rapid growth nor future numerous job openings
Advanced Practice Psychiatric Nurse,1,Rapid Growth; Numerous Job Openings
Advertising and Promotions Manager,0,This profession isn't forecasted to have future rapid growth nor future numerous job openings
Advertising Sales Agent,0,This profession isn't forecasted to have future rapid growth nor future numerous job openings
Aerospace Engineer,0,This profession isn't forecasted to have future rapid growth nor futire numerous job openings
Aerospace Engineering and Operations technologist and Technician,1,Rapid Growth
Aerospace Engineering and Operations technologist and technicianChemistry Teacher,0,This profession isn't forecasted to have future rapid growth nor future numerous job openings
"Agent and Business Manager of Artist, Performers, and Athletes",1,Rapid Growth
Agricultural Engineer,0,This profession isn't forecasted to have future rapid growth nor future numerous job openings
Agricultural Equipment Operator,1,Rapid Growth
Agricultural Inspector,0,This profession isn't forecasted to have future rapid growth nor future numerous job openings
Agricultural Manager,0,This profession isn't forecasted to have future rapid growth nor future numerous job openings
Agricultural Sciences Teacher,0,This profession isn't forecasted to have future rapid growth nor future numerous job openings
Agricultural Technician,0,This profession isn't forecasted to have future rapid growth nor future numerous job openings
Agricultural Worker,0,This profession isn't forecasted to have future rapid growth nor future numerous job openings
Air Crew Member,0,This profession isn't forecasted to have future rapid growth nor future numerous job openings
Air Crew Officer,0,This profession isn't forecasted to have future rapid growth nor future numerous job openings
Air Traffic Controller,0,This profession isn't forecasted to have future rapid growth nor future numerous job openings
Aircraft Mechanic and Service Technician,1,Rapid Growth
Aircraft Mechanics and Service Technician,0,This profession isn't forecasted to have future rapid growth nor future numerous job openings
Airfield Operations Specialist,1,Rapid Growth
Airline Pilot,0,This profession isn't forecasted to have future rapid growth nor future numerous job openings
"Airline Pilot, Copilot, and Flight Engineer",0,This profession isn't forecasted to have future rapid growth nor future numerous job openings
Allergists and Immunologist,0,This profession isn't forecasted to have future rapid growth nor future numerous job openings
Animal Breeder,0,This profession isn't forecasted to have future rapid growth nor future numerous job openings
Animal Caretaker,1,Rapid Growth
Animal Control Worker,0,This profession isn't forecasted to have future rapid growth nor future numerous job openings
Animal Scientist,1,Rapid Growth
Animal Trainer,1,Rapid Growth
Anthropologist and Archeologist,1,Rapid Growth
Anthropologists and Archeologist,0,This profession isn't forecasted to have future rapid growth nor future numerous job openings
Anthropology and Archeology Teacher,0,This profession isn't forecasted to have future rapid growth nor future numerous job openings
Appraisers of Personal and Business Property,0,This profession isn't forecasted to have future rapid growth nor future numerous job openings
"Arbitrator, Mediator, and Conciliator",1,Rapid Growth
Architect,0,This profession isn't forecasted to have future rapid growth nor future numerous job openings
"architect, Except Landscape and Naval",0,This profession isn't forecasted to have future rapid growth nor future numerous job openings
Architectural and Civil Drafter,0,This profession isn't forecasted to have future rapid growth nor future numerous job openings
Architectural and Engineering Manager,0,This profession isn't forecasted to have future rapid growth nor future numerous job openings
Architecture Teacher,1,Rapid Growth
Archivist,1,Rapid Growth
"Area, Ethnic, and Cultural Studies Teacher",1,Rapid Growth
Art Director,0,This profession isn't forecasted to have future rapid growth nor future numerous job openings
Art teacher,0,This profession isn't forecasted to have future rapid growth nor future numerous job openings
Art Therapist,1,Rapid Growth
"Art, Drama, and Music Teacher",1,Rapid Growth
Artillery and Missile Crew Member,0,This profession isn't forecasted to have future rapid growth nor future numerous job openings
Artillery and Missile Officer,0,This profession isn't forecasted to have future rapid growth nor future numerous job openings
Artist and Related Worker,0,This profession isn't forecasted to have future rapid growth nor future numerous job openings
assembler and Fabricator,0,This profession isn't forecasted to have future rapid growth nor future numerous job openings
Astronomer,0,This profession isn't forecasted to have future rapid growth nor future numerous job openings
Athlete,1,Rapid Growth
Athletic Trainer,1,Rapid Growth
Atmospheric and Space Scientist,1,Rapid Growth
"Atmospheric, Earth, Marine, and Space Sciences Teacher",0,This profession isn't forecasted to have future rapid growth nor future numerous job openings
Audio and Video Technician,1,Rapid Growth
Audiologist,1,Rapid Growth
Audiovisual Equipment Installer,0,This profession isn't forecasted to have future rapid growth nor future numerous job openings
Audiovisual Equipment Installer and Repairer,0,This profession isn't forecasted to have future rapid growth nor future numerous job openings
Auditor,1,Numerous Job Openings
Automotive and Watercraft Service Attendant,0,This profession isn't forecasted to have future rapid growth nor future numerous job openings
Automotive Engineer,0,This profession isn't forecasted to have future rapid growth nor future numerous job openings
Automotive Engineering Technician,0,This profession isn't forecasted to have future rapid growth nor future numerous job openings
Automotive Glass Installer and Repairer,0,This profession isn't forecasted to have future rapid growth nor future numerous job openings
Automotive Service technician and Mechanic,0,This profession isn't forecasted to have future rapid growth nor future numerous job openings
Aviation Inspector,0,This profession isn't forecasted to have future rapid growth nor future numerous job openings
Avionics Technician,0,This profession isn't forecasted to have future rapid growth nor future numerous job openings
Barber,1,Rapid Growth
Billing and Posting Clerk,0,This profession isn't forecasted to have future rapid growth nor future numerous job openings
Biochemist and Biophysicist,0,This profession isn't forecasted to have future rapid growth nor future numerous job openings
Bioengineer and Biomedical Engineer,1,Rapid Growth
Biofuels/Biodiesel Technology and Product Development Manager,0,This profession isn't forecasted to have future rapid growth nor future numerous job openings
Bioinformatics Scientist,1,Rapid Growth
Bioinformatics Technician,0,This profession isn't forecasted to have future rapid growth nor future numerous job openings
Biological Science Teacher,1,Rapid Growth
This profession isn't forecasted to have future rapid growth nor future numerous job openings,1,Rapid Growth
Biological Scientist,0,This profession isn't forecasted to have future rapid growth nor future numerous job openings
Biological Technician,0,This profession isn't forecasted to have future rapid growth nor future numerous job openings
Biologist,0,This profession isn't forecasted to have future rapid growth nor future numerous job openings
Biomass Plant Technician,0,This profession isn't forecasted to have future rapid growth nor future numerous job openings
Biomass Power Plant Manager,0,This profession isn't forecasted to have future rapid growth nor future numerous job openings
Biostatistician,0,This profession isn't forecasted to have future rapid growth nor future numerous job openings
Bookkeeper,0,This profession isn't forecasted to have future rapid growth nor future numerous job openings
"Bookkeeping, Accounting, and Auditing Clerk",1,Numerous Job Openings
Bridge and Lock Tender,0,This profession isn't forecasted to have future rapid growth nor future numerous job openings
Broadcast Announcer,0,This profession isn't forecasted to have future rapid growth nor future numerous job openings
Broadcast Announcers and Radio Disc Jockey,0,This profession isn't forecasted to have future rapid growth nor future numerous job openings
Broadcast Technician,0,This profession isn't forecasted to have future rapid growth nor future numerous job openings
Brownfield Redevelopment specialist and Site Manager,0,This profession isn't forecasted to have future rapid growth nor future numerous job openings
Bus and Truck Mechanics and Diesel Engine Specialist,0,This profession isn't forecasted to have future rapid growth nor future numerous job openings
Business Continuity Planner,1,Rapid Growth
Business Intelligence Analyst,1,Rapid Growth
Business Operations Specialist,1,Rapid Growth
Business Teacher,1,Rapid Growth
Butcher and Meat Cutter,0,This profession isn't forecasted to have future rapid growth nor future numerous job openings
"Buyers and Purchasing Agent, Farm Product",0,This profession isn't forecasted to have future rapid growth nor future numerous job openings
Calibration Technologist,0,This profession isn't forecasted to have future rapid growth nor future numerous job openings
Calibration technologist and Technician,0,This profession isn't forecasted to have future rapid growth nor future numerous job openings
Camera and Photographic Equipment Repairer,0,This profession isn't forecasted to have future rapid growth nor future numerous job openings
Camera operator,1,Rapid Growth
"Camera operator, Television, Video, and Film",0,This profession isn't forecasted to have future rapid growth nor future numerous job openings
"Captains, Mates, and Pilots of Water Vessel",0,This profession isn't forecasted to have future rapid growth nor future numerous job openings
Cardiovascular technologist and Technician,1,Rapid Growth
Career/Technical Education Teacher,0,This profession isn't forecasted to have future rapid growth nor future numerous job openings
"Career/Technical Education Teacher, Middle School",0,This profession isn't forecasted to have future rapid growth nor future numerous job openings
"Career/Technical Education teacher, Middle School",0,This profession isn't forecasted to have future rapid growth nor future numerous job openings
Carpenter,0,This profession isn't forecasted to have future rapid growth nor future numerous job openings
Cartographers and Photogrammetrist,1,Rapid Growth
chef,1,Rapid Growth
Chemical Engineer,0,This profession isn't forecasted to have future rapid growth nor future numerous job openings
Chemical Equipment Operator,0,This profession isn't forecasted to have future rapid growth nor future numerous job openings
Chemical Equipment operator and Tender,0,This profession isn't forecasted to have future rapid growth nor future numerous job openings
Chemical Plant and System Operator,0,This profession isn't forecasted to have future rapid growth nor future numerous job openings
Chemical Technician,0,This profession isn't forecasted to have future rapid growth nor future numerous job openings
Chemist,1,Rapid Growth
Chemistry Teacher,0,This profession isn't forecasted to have future rapid growth nor future numerous job openings
Chief Executive,0,This profession isn't forecasted to have future rapid growth nor future numerous job openings
Chief Sustainability Officer,0,This profession isn't forecasted to have future rapid growth nor future numerous job openings
"Child, Family, and School Social Worker",1,Rapid Growth
Chiropractor,1,Rapid Growth
Choreographer,1,Rapid Growth
Civil Engineer,0,This profession isn't forecasted to have future rapid growth nor future numerous job openings
Civil Engineering Technologist and Technician,0,This profession isn't forecasted to have future rapid growth nor future numerous job openings
Civil Engineering technologist and Technician,0,This profession isn't forecasted to have future rapid growth nor future numerous job openings
"Claims Adjusters, Examiners, and Investigator",0,This profession isn't forecasted to have future rapid growth nor future numerous job openings
Clergy,0,This profession isn't forecasted to have future rapid growth nor future numerous job openings
Climate Change Policy Analyst,1,Rapid Growth
Clinical and Counseling Psychologist,0,This profession isn't forecasted to have future rapid growth nor future numerous job openings
Clinical Data Manager,1,Rapid Growth
Clinical Neuropsychologist,0,This profession isn't forecasted to have future rapid growth nor future numerous job openings
Clinical Nurse Specialist,1,Rapid Growth
Clinical Research Coordinator,1,Rapid Growth; Numerous Job Openings
Coaches and Scout,1,Rapid Growth
Command and Control Center Officer,0,This profession isn't forecasted to have future rapid growth nor future numerous job openings
Command and Control Center Specialist,0,This profession isn't forecasted to have future rapid growth nor future numerous job openings
Commercial and Industrial Designer,0,This profession isn't forecasted to have future rapid growth nor future numerous job openings
Commercial Diver,1,Rapid Growth
Commercial Pilot,1,Rapid Growth
Communications Teacher,0,This profession isn't forecasted to have future rapid growth nor future numerous job openings
Community and Social Service Specialist,1,Rapid Growth
Community Health Worker,1,Rapid Growth
Compensation and Benefits Manager,0,This profession isn't forecasted to have future rapid growth nor future numerous job openings
"Compensation, Benefits, and Job Analysis Specialist",1,Rapid Growth
Compliance Officer,1,Rapid Growth
Computer and Information Research Scientist,1,Rapid Growth
Computer and Information Systems Manager,1,Rapid Growth
Computer Hardware Engineer,0,This profession isn't forecasted to have future rapid growth nor future numerous job openings
Computer Network Architect,1,Rapid Growth
Computer Network Support Specialist,1,Rapid Growth
Computer Numerically Controlled Tool Operator,0,This profession isn't forecasted to have future rapid growth nor future numerous job openings
Computer Numerically Controlled Tool Programmer,0,This profession isn't forecasted to have future rapid growth nor future numerous job openings
Computer Occupation,1,Rapid Growth
Computer Programmer,0,This profession isn't forecasted to have future rapid growth nor future numerous job openings
Computer Science Teacher,0,This profession isn't forecasted to have future rapid growth nor future numerous job openings
Computer Systems Analyst,1,Rapid Growth
Computer Systems Engineer,1,Rapid Growth
Computer Systems Engineer Architect,0,This profession isn't forecasted to have future rapid growth nor future numerous job openings
Computer Systems Engineer/Architect,0,This profession isn't forecasted to have future rapid growth nor future numerous job openings
Computer User Support Specialist,1,Rapid Growth
"Computer, Automated Teller, and Office Machine Repairer",0,This profession isn't forecasted to have future rapid growth nor future numerous job openings
Concierge,1,Rapid Growth
Conservation Scientist,1,Rapid Growth
Construction and Building Inspector,0,This profession isn't forecasted to have future rapid growth nor future numerous job openings
Construction Laborer,1,Rapid Growth
Construction Manager,1,Rapid Growth; Numerous Job Openings
Construction Worker,0,This profession isn't forecasted to have future rapid growth nor future numerous job openings
Constructor,0,This profession isn't forecasted to have future rapid growth nor future numerous job openings
Continuous Mining Machine Operator,0,This profession isn't forecasted to have future rapid growth nor future numerous job openings
Control and Valve Installer and Repairer,0,This profession isn't forecasted to have future rapid growth nor future numerous job openings
"Control and Valve Installer and Repairer, Except Mechanical Door",0,This profession isn't forecasted to have future rapid growth nor future numerous job openings
Conveyor operator and Tender,0,This profession isn't forecasted to have future rapid growth nor future numerous job openings
Cook,1,Rapid Growth; Numerous Job Openings
"Cooks, Fast Food",0,This profession isn't forecasted to have future rapid growth nor future numerous job openings
"Cooks, Institution and Cafeteria",0,This profession isn't forecasted to have future rapid growth nor future numerous job openings
Coroner,1,Rapid Growth
Cost Estimator,0,This profession isn't forecasted to have future rapid growth nor future numerous job openings
Counselor,1,Rapid Growth
Counter and Rental Clerk,0,This profession isn't forecasted to have future rapid growth nor future numerous job openings
"Court, Municipal, and License Clerk",1,Rapid Growth
Craft Artist,0,This profession isn't forecasted to have future rapid growth nor future numerous job openings
"Credit Authorizers, Checkers, and Clerk",0,This profession isn't forecasted to have future rapid growth nor future numerous job openings
Credit Counselor,1,Rapid Growth
Criminal Justice and Law Enforcement Teacher,0,This profession isn't forecasted to have future rapid growth nor future numerous job openings
Critical Care Nurse,1,Rapid Growth; Numerous Job Openings
"Crushing, Grinding, and Polishing Machine Setters, operator, and Tender",0,This profession isn't forecasted to have future rapid growth nor future numerous job openings
Curator,1,Rapid Growth
Customer Service Representative,1,Numerous Job Openings
Customs Broker,0,This profession isn't forecasted to have future rapid growth nor future numerous job openings
Cytogenetic Technologist,1,Rapid Growth
Dancer,0,This profession isn't forecasted to have future rapid growth nor future numerous job openings
Data Entry Keyer,0,This profession isn't forecasted to have future rapid growth nor future numerous job openings
Data Scientist,1,Rapid Growth
Data Warehousing Specialist,1,Rapid Growth
Database Administrator,1,Rapid Growth
Database Architect,1,Rapid Growth
Dental Assistant,1,Rapid Growth
Dental Hygienist,1,Rapid Growth
Dental Laboratory Technician,1,Rapid Growth
Dentist,0,This profession isn't forecasted to have future rapid growth nor future numerous job openings
Dentist Specialist,0,This profession isn't forecasted to have future rapid growth nor future numerous job openings
Dentists Specialist,0,This profession isn't forecasted to have future rapid growth nor future numerous job openings
"Dentists, General",0,This profession isn't forecasted to have future rapid growth nor future numerous job openings
Desktop Publisher,0,This profession isn't forecasted to have future rapid growth nor future numerous job openings
Detective and Criminal Investigator,0,This profession isn't forecasted to have future rapid growth nor future numerous job openings
Detectives and Criminal Investigator,0,This profession isn't forecasted to have future rapid growth nor future numerous job openings
Dietetic Technician,1,Rapid Growth
Dietitian and Nutritionist,1,Rapid Growth
Digital Forensics Analyst,1,Rapid Growth
Dining Room and Cafeteria Attendants and Bartender Helper,1,Rapid Growth
Director,0,This profession isn't forecasted to have future rapid growth nor future numerous job openings
"Directors, Religious Activities and Education",0,This profession isn't forecasted to have future rapid growth nor future numerous job openings
"Disc Jockeys, Except Radio",0,This profession isn't forecasted to have future rapid growth nor future numerous job openings
"Dispatchers, Except Police, Fire, and Ambulance",0,This profession isn't forecasted to have future rapid growth nor future numerous job openings
Document Management Specialist,1,Rapid Growth
Door-to-Door Sales Worker,0,This profession isn't forecasted to have future rapid growth nor future numerous job openings
"Door-to-Door Sales Worker, News and Street Vendors, and Related Worker",0,This profession isn't forecasted to have future rapid growth nor future numerous job openings
Drafter,0,This profession isn't forecasted to have future rapid growth nor future numerous job openings
Drama Teacher,0,This profession isn't forecasted to have future rapid growth nor future numerous job openings
Drywall and Ceiling Tile Installer,0,This profession isn't forecasted to have future rapid growth nor future numerous job openings
"Earth Drillers, Except Oil and Gas",1,Rapid Growth
Economics Teacher,1,Rapid Growth
Economist,1,Rapid Growth
Editor,0,This profession isn't forecasted to have future rapid growth nor future numerous job openings
Education Administrator,1,Rapid Growth
"Education and Childcare Administrator, Preschool and Daycare",0,This profession isn't forecasted to have future rapid growth nor future numerous job openings
Education Teacher,0,This profession isn't forecasted to have future rapid growth nor future numerous job openings
Educational Instruction and Library Worker,0,This profession isn't forecasted to have future rapid growth nor future numerous job openings
"Educational, Guidance, and Career Counselor and Advisor",1,Rapid Growth
"Electric Motor, Power Tool, and Related Repairer",0,This profession isn't forecasted to have future rapid growth nor future numerous job openings
Electrical and Electronic Engineer,0,This profession isn't forecasted to have future rapid growth nor future numerous job openings
Electrical and Electronic Engineering Technologist,0,This profession isn't forecasted to have future rapid growth nor future numerous job openings
Electrical and Electronic Engineering Technologist and Technician,0,This profession isn't forecasted to have future rapid growth nor future numerous job openings
Electrical and Electronic Engineering technologist and Technician,0,This profession isn't forecasted to have future rapid growth nor future numerous job openings
Electrical and Electronic Equipment Assembler,0,This profession isn't forecasted to have future rapid growth nor future numerous job openings
Electrical and Electronics Drafter,0,This profession isn't forecasted to have future rapid growth nor future numerous job openings
Electrical and Electronics Installer,0,This profession isn't forecasted to have future rapid growth nor future numerous job openings
"Electrical and Electronics Installer and Repairer, Transportation Equipment",0,This profession isn't forecasted to have future rapid growth nor future numerous job openings
Electrical and Electronics Repairer,0,This profession isn't forecasted to have future rapid growth nor future numerous job openings
"Electrical and Electronics Repairer, Commercial and Industrial Equipment",0,This profession isn't forecasted to have future rapid growth nor future numerous job openings
"Electrical and Electronics Repairer, Powerhouse, Substation, and Relay",0,This profession isn't forecasted to have future rapid growth nor future numerous job openings
Electrical Engineer,1,Rapid Growth
Electrical Power-Line Installer and Repairer,0,This profession isn't forecasted to have future rapid growth nor future numerous job openings
Electrician,1,Rapid Growth
Electro-Mechanical and Mechatronics Technologist,0,This profession isn't forecasted to have future rapid growth nor future numerous job openings
Electro-Mechanical and Mechatronics technologist and Technician,0,This profession isn't forecasted to have future rapid growth nor future numerous job openings
Electromechanical Equipment Assembler,0,This profession isn't forecasted to have future rapid growth nor future numerous job openings
"Electronic Equipment Installer and Repairer, Motor Vehicle",0,This profession isn't forecasted to have future rapid growth nor future numerous job openings
"Electronic Equipment Installer and Repairer, Motor Vehicles",0,This profession isn't forecasted to have future rapid growth nor future numerous job openings
Electronics Engineer,0,This profession isn't forecasted to have future rapid growth nor future numerous job openings
"Electronics Engineer, Except Computer",0,This profession isn't forecasted to have future rapid growth nor future numerous job openings
Elementary School Teacher,1,Rapid Growth
"Elementary School teacher, Except Special Education",0,This profession isn't forecasted to have future rapid growth nor future numerous job openings
"Eligibility Interviewers, Government Program",0,This profession isn't forecasted to have future rapid growth nor future numerous job openings
Emergency Medical Technician,1,Rapid Growth
Emergency Medicine Physician,0,This profession isn't forecasted to have future rapid growth nor future numerous job openings
Energy Auditor,0,This profession isn't forecasted to have future rapid growth nor future numerous job openings
Energy Engineer,0,This profession isn't forecasted to have future rapid growth nor future numerous job openings
"Energy Engineer, Except Wind and Solar",0,This profession isn't forecasted to have future rapid growth nor future numerous job openings
Engineer,0,This profession isn't forecasted to have future rapid growth nor future numerous job openings
Engineering Teacher,1,Rapid Growth
Engineering Technologist,0,This profession isn't forecasted to have future rapid growth nor future numerous job openings
Engineering Technologist and Technician,0,This profession isn't forecasted to have future rapid growth nor future numerous job openings
Engineering technologist and technician,0,This profession isn't forecasted to have future rapid growth nor future numerous job openings
"Engineering technologist and technician, Except Drafter",0,This profession isn't forecasted to have future rapid growth nor future numerous job openings
English Language and Literature Teacher,0,This profession isn't forecasted to have future rapid growth nor future numerous job openings
Entertainer and Performer,0,This profession isn't forecasted to have future rapid growth nor future numerous job openings
Entertainment and Recreation Manager,0,This profession isn't forecasted to have future rapid growth nor future numerous job openings
"Entertainment and Recreation Manager, Except Gambling",0,This profession isn't forecasted to have future rapid growth nor future numerous job openings
Entertainment Attendant,0,This profession isn't forecasted to have future rapid growth nor future numerous job openings
Environmental Compliance Inspector,0,This profession isn't forecasted to have future rapid growth nor future numerous job openings
Environmental Economist,1,Rapid Growth
Environmental Engineer,0,This profession isn't forecasted to have future rapid growth nor future numerous job openings
Environmental Engineering Technologist and Technician,1,Rapid Growth
Environmental Restoration Planner,1,Rapid Growth
Environmental Science and Protection technician,0,This profession isn't forecasted to have future rapid growth nor future numerous job openings
"Environmental Science and Protection technician, Including Health",1,Rapid Growth
Environmental Science Teacher,0,This profession isn't forecasted to have future rapid growth nor future numerous job openings
Environmental Science Technician,0,This profession isn't forecasted to have future rapid growth nor future numerous job openings
Environmental Scientist,0,This profession isn't forecasted to have future rapid growth nor future numerous job openings
Environmental Scientist and Specialist,0,This profession isn't forecasted to have future rapid growth nor future numerous job openings
"Environmental Scientist and Specialist, Including Health",0,This profession isn't forecasted to have future rapid growth nor future numerous job openings
"Environmental Scientist and specialist, Including Health",0,This profession isn't forecasted to have future rapid growth nor future numerous job openings
Epidemiologist,1,Rapid Growth
Equal Opportunity Representatives and Officer,1,Rapid Growth
Etcher and Engraver,0,This profession isn't forecasted to have future rapid growth nor future numerous job openings
Exercise Physiologist,1,Rapid Growth
Exercise Trainers and Group Fitness Instructor,1,Rapid Growth
"Explosives Worker, Ordnance Handling Experts, and Blaster",1,Rapid Growth
Extraction Worker,1,Rapid Growth
Fabric and Apparel Patternmaker,0,This profession isn't forecasted to have future rapid growth nor future numerous job openings
Faller,0,This profession isn't forecasted to have future rapid growth nor future numerous job openings
Family and Consumer Sciences Teacher,0,This profession isn't forecasted to have future rapid growth nor future numerous job openings
Family Medicine Physician,1,Rapid Growth
Farm and Home Management Educator,0,This profession isn't forecasted to have future rapid growth nor future numerous job openings
Farmer,0,This profession isn't forecasted to have future rapid growth nor future numerous job openings
"Farmer, Rancher, and Other Agricultural Manager",0,This profession isn't forecasted to have future rapid growth nor future numerous job openings
"Farmers, Ranchers, and Other Agricultural Manager",0,This profession isn't forecasted to have future rapid growth nor future numerous job openings
Farmworker,0,This profession isn't forecasted to have future rapid growth nor future numerous job openings
FarmWorker,0,This profession isn't forecasted to have future rapid growth nor future numerous job openings
"FarmWorker and Laborers, Crop, Nursery, and Greenhouse",0,This profession isn't forecasted to have future rapid growth nor future numerous job openings
"FarmWorker, Farm, Ranch, and Aquacultural Animal",0,This profession isn't forecasted to have future rapid growth nor future numerous job openings
Fashion Designer,0,This profession isn't forecasted to have future rapid growth nor future numerous job openings
Fast Food and Counter Worker,1,Rapid Growth; Numerous Job Openings
File Clerk,0,This profession isn't forecasted to have future rapid growth nor future numerous job openings
Film and Video Editor,1,Rapid Growth
Financial and Investment Analyst,1,Rapid Growth
Financial Examiner,1,Rapid Growth
Financial Manager,0,This profession isn't forecasted to have future rapid growth nor future numerous job openings
Financial Quantitative Analyst,1,Rapid Growth
Financial Risk Specialist,1,Rapid Growth
Financial Services Sales Agent,0,This profession isn't forecasted to have future rapid growth nor future numerous job openings
Financial Specialist,1,Rapid Growth
Fine Artist,0,This profession isn't forecasted to have future rapid growth nor future numerous job openings
Firefighter,1,Rapid Growth
First-Line supervisor of All Other Tactical Operations Specialist,1,Rapid Growth
First-Line supervisor of Construction Trades and Extraction Worker,0,This profession isn't forecasted to have future rapid growth nor future numerous job openings
"First-Line supervisor of Entertainment and Recreation Worker, Except Gambling Service",1,Rapid Growth
"First-Line supervisor of Farming, Fishing, and Forestry Worker",0,This profession isn't forecasted to have future rapid growth nor future numerous job openings
"First-Line Supervisor of Farming, Fishing, and Forestry Worker",0,This profession isn't forecasted to have future rapid growth nor future numerous job openings
First-Line supervisor of Firefighting and Prevention Worker,1,Rapid Growth
First-Line supervisor of Food Preparation and Serving Worker,1,Numerous Job Openings
"First-Line supervisor of Landscaping, Lawn Service, and Groundskeeping Worker",0,This profession isn't forecasted to have future rapid growth nor future numerous job openings
First-Line supervisor of Material-Moving Machine and Vehicle Operator,0,This profession isn't forecasted to have future rapid growth nor future numerous job openings
"First-Line Supervisor of Mechanics, Installer, and Repairer",0,This profession isn't forecasted to have future rapid growth nor future numerous job openings
First-Line supervisor of Non-Retail Sales Worker,0,This profession isn't forecasted to have future rapid growth nor future numerous job openings
First-Line supervisor of Office and Administrative Support Worker,1,Numerous Job Openings
First-Line supervisor of Personal Service Worker,1,Rapid Growth
First-Line supervisor of Production and Operating Worker,0,This profession isn't forecasted to have future rapid growth nor future numerous job openings
First-Line supervisor of Protective Service Worker,0,This profession isn't forecasted to have future rapid growth nor future numerous job openings
First-Line supervisor of Retail Sales Worker,1,Rapid Growth
First-Line supervisor of Security Worker,0,This profession isn't forecasted to have future rapid growth nor future numerous job openings
Fishing and Hunting Worker,1,Rapid Growth
Fitness and Wellness Coordinator,0,This profession isn't forecasted to have future rapid growth nor future numerous job openings
Flight Attendant,1,Rapid Growth
Flight Engineer,0,This profession isn't forecasted to have future rapid growth nor future numerous job openings
Floral Designer,0,This profession isn't forecasted to have future rapid growth nor future numerous job openings
Food Batchmaker,0,This profession isn't forecasted to have future rapid growth nor future numerous job openings
Food Preparation Worker,1,Numerous Job Openings
Food Science Technician,0,This profession isn't forecasted to have future rapid growth nor future numerous job openings
Food Scientist,0,This profession isn't forecasted to have future rapid growth nor future numerous job openings
Food Scientist and Technologist,0,This profession isn't forecasted to have future rapid growth nor future numerous job openings
Food Service Manager,0,This profession isn't forecasted to have future rapid growth nor future numerous job openings
Foreign Language and Literature Teacher,1,Rapid Growth
Forensic Science Technician,1,Rapid Growth
Forest and Conservation Technician,0,This profession isn't forecasted to have future rapid growth nor future numerous job openings
Forest and Conservation Worker,0,This profession isn't forecasted to have future rapid growth nor future numerous job openings
Forest Fire Inspector and Prevention Specialist,1,Rapid Growth
Forester,0,This profession isn't forecasted to have future rapid growth nor future numerous job openings
Forestry and Conservation Science Teacher,0,This profession isn't forecasted to have future rapid growth nor future numerous job openings
Freight Forwarder,0,This profession isn't forecasted to have future rapid growth nor future numerous job openings
Fuel Cell Engineer,0,This profession isn't forecasted to have future rapid growth nor future numerous job openings
Fundraiser,1,Rapid Growth
Fundraising Manager,1,Rapid Growth
"Furnace, Kiln, Oven, Drier, and Kettle operator and Tender",0,This profession isn't forecasted to have future rapid growth nor future numerous job openings
Gambling Surveillance Officers and Gambling Investigator,1,Rapid Growth
Gas Compressor and Gas Pumping Station Operator,0,This profession isn't forecasted to have future rapid growth nor future numerous job openings
Gas Plant Operator,0,This profession isn't forecasted to have future rapid growth nor future numerous job openings
General and Operations Manager,1,Rapid Growth; Numerous Job Openings
General Internal Medicine Physician,0,This profession isn't forecasted to have future rapid growth nor future numerous job openings
Genetic Counselor,1,Rapid Growth
Geneticist,0,This profession isn't forecasted to have future rapid growth nor future numerous job openings
Geodetic Surveyor,0,This profession isn't forecasted to have future rapid growth nor future numerous job openings
Geographer,0,This profession isn't forecasted to have future rapid growth nor future numerous job openings
Geographic Information Systems Technologist,1,Rapid Growth
Geographic Information Systems technologist and Technician,0,This profession isn't forecasted to have future rapid growth nor future numerous job openings
Geography Teacher,0,This profession isn't forecasted to have future rapid growth nor future numerous job openings
Geological Technician,0,This profession isn't forecasted to have future rapid growth nor future numerous job openings
Geological technician,0,This profession isn't forecasted to have future rapid growth nor future numerous job openings
"Geological technician, Except Hydrologic Technician",1,Rapid Growth
GeoScientist,1,Rapid Growth
"Geoscientist, Except Hydrologist and Geographer",0,This profession isn't forecasted to have future rapid growth nor future numerous job openings
"GeoScientist, Except Hydrologists and Geographer",0,This profession isn't forecasted to have future rapid growth nor future numerous job openings
Geothermal Production Manager,0,This profession isn't forecasted to have future rapid growth nor future numerous job openings
Geothermal Technician,0,This profession isn't forecasted to have future rapid growth nor future numerous job openings
Government Property Inspectors and Investigator,1,Rapid Growth
Grader,0,This profession isn't forecasted to have future rapid growth nor future numerous job openings
Graphic Designer,0,This profession isn't forecasted to have future rapid growth nor future numerous job openings
"Hairdresser, Hairstylist, and Cosmetologist",0,This profession isn't forecasted to have future rapid growth nor future numerous job openings
Hazardous Materials Removal Worker,1,Rapid Growth
Health and Safety Engineer,0,This profession isn't forecasted to have future rapid growth nor future numerous job openings
"Health and Safety Engineer, Except Mining Safety Engineer and Inspector",0,This profession isn't forecasted to have future rapid growth nor future numerous job openings
Health Education Specialist,1,Rapid Growth
Health Informatics Specialist,1,Rapid Growth
Health Information technologist and Medical Registrar,1,Rapid Growth
Health Specialties Teacher,1,Rapid Growth
Health Technologist,1,Rapid Growth
Health technologist and Technician,0,This profession isn't forecasted to have future rapid growth nor future numerous job openings
Healthcare Diagnosing or Treating Practitioner,0,This profession isn't forecasted to have future rapid growth nor future numerous job openings
Healthcare Social Worker,1,Rapid Growth
Healthcare Support Worker,1,Rapid Growth
Hearing Aid Specialist,1,Rapid Growth
Heat Treating Equipment Setter,0,This profession isn't forecasted to have future rapid growth nor future numerous job openings
"Heating, Air Conditioning, and Refrigeration Mechanics and Installer",0,This profession isn't forecasted to have future rapid growth nor future numerous job openings
Helpers--Extraction Worker,1,Rapid Growth
Highway Maintenance Worker,1,Rapid Growth
Historian,0,This profession isn't forecasted to have future rapid growth nor future numerous job openings
History Teacher,0,This profession isn't forecasted to have future rapid growth nor future numerous job openings
Home Appliance Repairer,0,This profession isn't forecasted to have future rapid growth nor future numerous job openings
Hospitalist,0,This profession isn't forecasted to have future rapid growth nor future numerous job openings
"Hosts and Hostesses, Restaurant, Lounge, and Coffee Shop",1,Rapid Growth
Human Factors Engineer and Ergonomist,1,Rapid Growth
"Human Resources Assistants, Except Payroll and Timekeeping",0,This profession isn't forecasted to have future rapid growth nor future numerous job openings
Human Resources Manager,1,Rapid Growth
Human Resources Specialist,1,Rapid Growth
Hydroelectric Plant Technician,0,This profession isn't forecasted to have future rapid growth nor future numerous job openings
Hydrologist,1,Rapid Growth
Industrial Ecologist,1,Rapid Growth
Industrial Engineer,1,Rapid Growth
Industrial Engineering Technician,0,This profession isn't forecasted to have future rapid growth nor future numerous job openings
Industrial Engineering Technologist,0,This profession isn't forecasted to have future rapid growth nor future numerous job openings
Industrial Engineering Technologist and Technician,0,This profession isn't forecasted to have future rapid growth nor future numerous job openings
Industrial Engineering technologist and Technician,0,This profession isn't forecasted to have future rapid growth nor future numerous job openings
Industrial Machinery Mechanic,1,Rapid Growth
Industrial Production Manager,0,This profession isn't forecasted to have future rapid growth nor future numerous job openings
Industrial Truck and Tractor Operator,0,This profession isn't forecasted to have future rapid growth nor future numerous job openings
Industrial-Organizational Psychologist,0,This profession isn't forecasted to have future rapid growth nor future numerous job openings
Information Security Analyst,1,Rapid Growth
Information Security Engineer,1,Rapid Growth
Information Technology Project Manager,1,Rapid Growth
Inspector,0,This profession isn't forecasted to have future rapid growth nor future numerous job openings
"Inspectors, Testers, Sorters, Samplers, and Weigher",0,This profession isn't forecasted to have future rapid growth nor future numerous job openings
"Installation, Maintenance, and Repair Worker",0,This profession isn't forecasted to have future rapid growth nor future numerous job openings
Instructional Coordinator,1,Rapid Growth
"Insulation Worker, Floor, Ceiling, and Wall",0,This profession isn't forecasted to have future rapid growth nor future numerous job openings
Insurance Claims and Policy Processing Clerk,0,This profession isn't forecasted to have future rapid growth nor future numerous job openings
Insurance Sales Agent,1,Rapid Growth
Insurance Underwriter,0,This profession isn't forecasted to have future rapid growth nor future numerous job openings
Intelligence Analyst,0,This profession isn't forecasted to have future rapid growth nor future numerous job openings
Interior Designer,0,This profession isn't forecasted to have future rapid growth nor future numerous job openings
Interpreters and Translator,1,Rapid Growth
"Interviewers, Except Eligibility and Loan",0,This profession isn't forecasted to have future rapid growth nor future numerous job openings
Journalist,0,This profession isn't forecasted to have future rapid growth nor future numerous job openings
Judge,0,This profession isn't forecasted to have future rapid growth nor future numerous job openings
"Judges, Magistrate Judges, and Magistrate",0,This profession isn't forecasted to have future rapid growth nor future numerous job openings
Judicial Law Clerk,0,This profession isn't forecasted to have future rapid growth nor future numerous job openings
Kindergarten Teacher,0,This profession isn't forecasted to have future rapid growth nor future numerous job openings
"Kindergarten teacher, Except Special Education",0,This profession isn't forecasted to have future rapid growth nor future numerous job openings
"Laborers and Freight, Stock, and Material Movers, Hand",1,Numerous Job Openings
Landscape Architect,0,This profession isn't forecasted to have future rapid growth nor future numerous job openings
Landscaping and Groundskeeping Worker,1,Rapid Growth
Laundry and Dry-Cleaning Worker,0,This profession isn't forecasted to have future rapid growth nor future numerous job openings
Law Teacher,0,This profession isn't forecasted to have future rapid growth nor future numerous job openings
Lawyer,0,This profession isn't forecasted to have future rapid growth nor future numerous job openings
Legal Secretaries and Administrative Assistant,0,This profession isn't forecasted to have future rapid growth nor future numerous job openings
Legal Support Worker,0,This profession isn't forecasted to have future rapid growth nor future numerous job openings
Legislator,0,This profession isn't forecasted to have future rapid growth nor future numerous job openings
Librarian,0,This profession isn't forecasted to have future rapid growth nor future numerous job openings
Librarian and Media Collections Specialist,0,This profession isn't forecasted to have future rapid growth nor future numerous job openings
Librarians and Media Collections Specialist,0,This profession isn't forecasted to have future rapid growth nor future numerous job openings
"Library Assistants, Clerical",0,This profession isn't forecasted to have future rapid growth nor future numerous job openings
Library Science Teacher,0,This profession isn't forecasted to have future rapid growth nor future numerous job openings
Library Technician,0,This profession isn't forecasted to have future rapid growth nor future numerous job openings
Licensed Practical and Licensed Vocational Nurse,1,Rapid Growth
Life Scientist,1,Rapid Growth
"Life, Physical, and Social Science Technician",1,Rapid Growth
Light Truck Driver,1,Rapid Growth; Numerous Job Openings
Lighting Technician,1,Rapid Growth
Loan Officer,1,Rapid Growth
Lodging Manager,0,This profession isn't forecasted to have future rapid growth nor future numerous job openings
Log Graders and Scaler,0,This profession isn't forecasted to have future rapid growth nor future numerous job openings
Logistician,0,This profession isn't forecasted to have future rapid growth nor future numerous job openings
Logistics Analyst,0,This profession isn't forecasted to have future rapid growth nor future numerous job openings
Logistics Engineer,0,This profession isn't forecasted to have future rapid growth nor future numerous job openings
"Low Vision Therapists, Orientation and Mobility specialist, and Vision Rehabilitation Therapist",1,Rapid Growth
Machine Feeders and Offbearer,0,This profession isn't forecasted to have future rapid growth nor future numerous job openings
Machinist,0,This profession isn't forecasted to have future rapid growth nor future numerous job openings
Magnetic Resonance Imaging Technologist,1,Rapid Growth
Maids and Housekeeping Cleaner,1,Numerous Job Openings
"Mail Clerks and Mail Machine operator, Except Postal Service",0,This profession isn't forecasted to have future rapid growth nor future numerous job openings
"Maintenance and Repair Worker, General",1,Numerous Job Openings
"Makeup Artist, Theatrical and Performance",1,Rapid Growth
Management Analyst,1,Rapid Growth
Manager,0,This profession isn't forecasted to have future rapid growth nor future numerous job openings
Manufacturing Engineer,1,Rapid Growth
Marine Engineer and Naval Architect,0,This profession isn't forecasted to have future rapid growth nor future numerous job openings
Market Research Analyst and Marketing Specialist,1,Rapid Growth
Marketing Manager,1,Rapid Growth
Marriage and Family Therapist,1,Rapid Growth
Massage Therapist,1,Rapid Growth
Material Moving Worker,0,This profession isn't forecasted to have future rapid growth nor future numerous job openings
Materials Engineer,0,This profession isn't forecasted to have future rapid growth nor future numerous job openings
Materials Scientist,0,This profession isn't forecasted to have future rapid growth nor future numerous job openings
Mathematical Science Occupation,1,Rapid Growth
Mathematical Science Teacher,0,This profession isn't forecasted to have future rapid growth nor future numerous job openings
Mathematician,0,This profession isn't forecasted to have future rapid growth nor future numerous job openings
Mechanical Door Repairer,0,This profession isn't forecasted to have future rapid growth nor future numerous job openings
Mechanical Drafter,0,This profession isn't forecasted to have future rapid growth nor future numerous job openings
Mechanical Engineer,0,This profession isn't forecasted to have future rapid growth nor future numerous job openings
Mechanical Engineering Technician,0,This profession isn't forecasted to have future rapid growth nor future numerous job openings
Mechanical Engineering Technologist,0,This profession isn't forecasted to have future rapid growth nor future numerous job openings
Mechanical Engineering Technologist and Technician,0,This profession isn't forecasted to have future rapid growth nor future numerous job openings
Mechanical Engineering technologist and Technician,0,This profession isn't forecasted to have future rapid growth nor future numerous job openings
Mechatronics Engineer,0,This profession isn't forecasted to have future rapid growth nor future numerous job openings
Media and Communication Equipment Worker,1,Rapid Growth
Media and Communication Worker,1,Rapid Growth
Media Programming Director,1,Rapid Growth
Media Technical Directors/Manager,1,Rapid Growth
Medical and Clinical Laboratory Technician,1,Rapid Growth
Medical and Clinical Laboratory Technologist,1,Rapid Growth
Medical and Health Services Manager,1,Rapid Growth
Medical Appliance Technician,1,Rapid Growth
Medical Assistant,1,Rapid Growth
Medical Equipment Preparer,1,Rapid Growth
Medical Equipment Repairer,1,Rapid Growth
Medical Records Specialist,1,Rapid Growth
"Medical Scientist, Except Epidemiologist",1,Rapid Growth
Medical Secretary and Administrative Assistant,1,Rapid Growth
Medical Transcriptionist,0,This profession isn't forecasted to have future rapid growth nor future numerous job openings
Mental Health and Substance Abuse Social Worker,1,Rapid Growth
Mental Health Counselor,1,Rapid Growth
Merchandise Displayer and Window Trimmer,0,This profession isn't forecasted to have future rapid growth nor future numerous job openings
Merchandise Displayers and Window Trimmer,0,This profession isn't forecasted to have future rapid growth nor future numerous job openings
Metal Worker and Plastic Worker,0,This profession isn't forecasted to have future rapid growth nor future numerous job openings
Microbiologist,0,This profession isn't forecasted to have future rapid growth nor future numerous job openings
Microsystems Engineer,0,This profession isn't forecasted to have future rapid growth nor future numerous job openings
Middle School Teacher,0,This profession isn't forecasted to have future rapid growth nor future numerous job openings
"Middle School teacher, Except Special and Career/Technical Education",0,This profession isn't forecasted to have future rapid growth nor future numerous job openings
Midwive,0,This profession isn't forecasted to have future rapid growth nor future numerous job openings
Military Enlisted Tactical Operations and Air/Weapons specialist and Crew Member,0,This profession isn't forecasted to have future rapid growth nor future numerous job openings
Military Officer ,0,This profession isn't forecasted to have future rapid growth nor future numerous job openings
Military Officer Special and Tactical Operations Leader,0,This profession isn't forecasted to have future rapid growth nor future numerous job openings
Mining and Geological Engineer,0,This profession isn't forecasted to have future rapid growth nor future numerous job openings
"Mining and Geological Engineer, Including Mining Safety Engineer",0,This profession isn't forecasted to have future rapid growth nor future numerous job openings
"Mobile Heavy Equipment Mechanics, Except Engine",0,This profession isn't forecasted to have future rapid growth nor future numerous job openings
Model,0,This profession isn't forecasted to have future rapid growth nor future numerous job openings
Molecular and Cellular Biologist,0,This profession isn't forecasted to have future rapid growth nor future numerous job openings
Mortician,0,This profession isn't forecasted to have future rapid growth nor future numerous job openings
Motion Picture Projectionist,0,This profession isn't forecasted to have future rapid growth nor future numerous job openings
Museum Technician and Conservator,1,Rapid Growth
Music Directors and Composer,0,This profession isn't forecasted to have future rapid growth nor future numerous job openings
Music Therapist,1,Rapid Growth
Musical Instrument Repairer and Tuner,0,This profession isn't forecasted to have future rapid growth nor future numerous job openings
Musician,0,This profession isn't forecasted to have future rapid growth nor future numerous job openings
Musician and Singer,0,This profession isn't forecasted to have future rapid growth nor future numerous job openings
Musicians and Singer,0,This profession isn't forecasted to have future rapid growth nor future numerous job openings
Nanosystems Engineer,0,This profession isn't forecasted to have future rapid growth nor future numerous job openings
Nanotechnology Engineering Technologist,0,This profession isn't forecasted to have future rapid growth nor future numerous job openings
Nanotechnology Engineering technologist and Technician,0,This profession isn't forecasted to have future rapid growth nor future numerous job openings
Natural Sciences Manager,1,Rapid Growth
Naturopathic Physician,0,This profession isn't forecasted to have future rapid growth nor future numerous job openings
Network and Computer Systems Administrator,0,This profession isn't forecasted to have future rapid growth nor future numerous job openings
Neurologist,0,This profession isn't forecasted to have future rapid growth nor future numerous job openings
Neuropsychologist,0,This profession isn't forecasted to have future rapid growth nor future numerous job openings
News Analyst,0,This profession isn't forecasted to have future rapid growth nor future numerous job openings
"News Analyst, Reporter, and Journalist",0,This profession isn't forecasted to have future rapid growth nor future numerous job openings
"News analyst, Reporter, and Journalist",0,This profession isn't forecasted to have future rapid growth nor future numerous job openings
"News analyst, Reporters, and Journalist",0,This profession isn't forecasted to have future rapid growth nor future numerous job openings
Nuclear Engineer,0,This profession isn't forecasted to have future rapid growth nor future numerous job openings
Nuclear Medicine Technologist,1,Rapid Growth
Nuclear Monitoring Technician,0,This profession isn't forecasted to have future rapid growth nor future numerous job openings
Nuclear Power Reactor Operator,0,This profession isn't forecasted to have future rapid growth nor future numerous job openings
Nuclear Technician,0,This profession isn't forecasted to have future rapid growth nor future numerous job openings
Nurse Midwive,1,Rapid Growth
Nurse Practitioner,1,Rapid Growth
Nursing Assistant,1,Rapid Growth; Numerous Job Openings
Nursing Instructor and Teacher,1,Rapid Growth
Obstetricians and Gynecologist,0,This profession isn't forecasted to have future rapid growth nor future numerous job openings
Occupational Health and Safety Specialist,0,This profession isn't forecasted to have future rapid growth nor future numerous job openings
Occupational Health and Safety Technician,1,Rapid Growth
Occupational Therapist,1,Rapid Growth
Occupational Therapy Assistant,1,Rapid Growth
Office and Administrative Support Worker,0,This profession isn't forecasted to have future rapid growth nor future numerous job openings
Office Clerk,1,Rapid Growth; Numerous Job Openings
"Office Clerks, General",0,This profession isn't forecasted to have future rapid growth nor future numerous job openings
Online Merchant,1,Rapid Growth
Operating Engineer and Other Construction Equipment Operator,0,This profession isn't forecasted to have future rapid growth nor future numerous job openings
Operating Worker,0,This profession isn't forecasted to have future rapid growth nor future numerous job openings
Operations Research Analyst,1,Rapid Growth
Ophthalmic Laboratory Technician,1,Rapid Growth
Ophthalmic Medical Technician,1,Rapid Growth
Ophthalmic Medical Technologist,1,Rapid Growth
Optometrist,0,This profession isn't forecasted to have future rapid growth nor future numerous job openings
Oral and Maxillofacial Surgeon,0,This profession isn't forecasted to have future rapid growth nor future numerous job openings
Order Clerk,0,This profession isn't forecasted to have future rapid growth nor future numerous job openings
Orthodontist,0,This profession isn't forecasted to have future rapid growth nor future numerous job openings
Orthotists and Prosthetist,1,Rapid Growth
Outdoor Power Equipment and Other Small Engine Mechanic,0,This profession isn't forecasted to have future rapid growth nor future numerous job openings
Packagers,0,This profession isn't forecasted to have future rapid growth nor future numerous job openings
"Painters, Construction and Maintenance",0,This profession isn't forecasted to have future rapid growth nor future numerous job openings
Paperhanger,0,This profession isn't forecasted to have future rapid growth nor future numerous job openings
Paralegals and Legal Assistant,1,Rapid Growth
Pediatric Surgeon,0,This profession isn't forecasted to have future rapid growth nor future numerous job openings
"Pediatricians, General",0,This profession isn't forecasted to have future rapid growth nor future numerous job openings
Performer,0,This profession isn't forecasted to have future rapid growth nor future numerous job openings
Personal Care Aide,1,Rapid Growth
Personal Care and Service Worker,0,This profession isn't forecasted to have future rapid growth nor future numerous job openings
Personal Financial Advisor,0,This profession isn't forecasted to have future rapid growth nor future numerous job openings
Petroleum Engineer,0,This profession isn't forecasted to have future rapid growth nor future numerous job openings
"Petroleum Pump System operator, Refinery operator, and Gauger",0,This profession isn't forecasted to have future rapid growth nor future numerous job openings
Pharmacist,0,This profession isn't forecasted to have future rapid growth nor future numerous job openings
Pharmacy Aide,0,This profession isn't forecasted to have future rapid growth nor future numerous job openings
Pharmacy Technician,0,This profession isn't forecasted to have future rapid growth nor future numerous job openings
Philosophy and Religion Teacher,1,Rapid Growth
Photographer,0,This profession isn't forecasted to have future rapid growth nor future numerous job openings
Photographic Process Worker and Processing Machine Operator,0,This profession isn't forecasted to have future rapid growth nor future numerous job openings
Photonics Engineer,0,This profession isn't forecasted to have future rapid growth nor future numerous job openings
Physical Medicine and Rehabilitation Physician,0,This profession isn't forecasted to have future rapid growth nor future numerous job openings
Physical Scientist,0,This profession isn't forecasted to have future rapid growth nor future numerous job openings
Physical Therapist,0,This profession isn't forecasted to have future rapid growth nor future numerous job openings
Physical Therapist Aides,1,Rapid Growth
Physical Therapist Assistant,1,Rapid Growth
Physician,0,This profession isn't forecasted to have future rapid growth nor future numerous job openings
Physician Assistant,1,Rapid Growth
"Physicians, Pathologist",0,This profession isn't forecasted to have future rapid growth nor future numerous job openings
Physiciansand Pathologist,0,This profession isn't forecasted to have future rapid growth nor future numerous job openings
Physicist,1,Rapid Growth
Physics Teacher,0,This profession isn't forecasted to have future rapid growth nor future numerous job openings
Plant and System Operator,0,This profession isn't forecasted to have future rapid growth nor future numerous job openings
Podiatrist,0,This profession isn't forecasted to have future rapid growth nor future numerous job openings
"Poet, Lyricist and Creative Writer",0,This profession isn't forecasted to have future rapid growth nor future numerous job openings
"Poets, Lyricists and Creative Writer",0,This profession isn't forecasted to have future rapid growth nor future numerous job openings
Police,0,This profession isn't forecasted to have future rapid growth nor future numerous job openings
Police and Sheriff's Patrol Officer,0,This profession isn't forecasted to have future rapid growth nor future numerous job openings
Political Science Teacher,1,Rapid Growth
Political Scientist,1,Rapid Growth
Postal Service Mail Carrier,0,This profession isn't forecasted to have future rapid growth nor future numerous job openings
"Postal Service Mail Sorters, Processors, and Processing Machine Operator",0,This profession isn't forecasted to have future rapid growth nor future numerous job openings
Postsecondary Teacher,0,This profession isn't forecasted to have future rapid growth nor future numerous job openings
"Potters, Manufacturing",0,This profession isn't forecasted to have future rapid growth nor future numerous job openings
Power Distributors and Dispatcher,0,This profession isn't forecasted to have future rapid growth nor future numerous job openings
Power Plant Operator,0,This profession isn't forecasted to have future rapid growth nor future numerous job openings
Precision Agriculture Technician,0,This profession isn't forecasted to have future rapid growth nor future numerous job openings
Precision Instrument and Equipment Repairer,0,This profession isn't forecasted to have future rapid growth nor future numerous job openings
Prepress technician and Worker,0,This profession isn't forecasted to have future rapid growth nor future numerous job openings
Preventive Medicine Physician,0,This profession isn't forecasted to have future rapid growth nor future numerous job openings
Print Binding and Finishing Worker,0,This profession isn't forecasted to have future rapid growth nor future numerous job openings
Printing Press Operator,0,This profession isn't forecasted to have future rapid growth nor future numerous job openings
Producer,0,This profession isn't forecasted to have future rapid growth nor future numerous job openings
Producer and Director,1,Rapid Growth
Production Worker,0,This profession isn't forecasted to have future rapid growth nor future numerous job openings
"Production, Planning, and Expediting Clerk",0,This profession isn't forecasted to have future rapid growth nor future numerous job openings
"Property, Real Estate, and Community Association Manager",0,This profession isn't forecasted to have future rapid growth nor future numerous job openings
Prosthodontist,0,This profession isn't forecasted to have future rapid growth nor future numerous job openings
Psychiatric Aides,1,Rapid Growth
Psychiatric Technician,1,Rapid Growth
Psychiatrist,1,Rapid Growth
Psychologist,1,Rapid Growth
Psychology Teacher,1,Rapid Growth
Public Relations Manager,1,Rapid Growth
Public Relations Specialist,1,Rapid Growth
Public Safety Telecommunicator,1,Rapid Growth
Purchasing Manager,0,This profession isn't forecasted to have future rapid growth nor future numerous job openings
Quality Control Analyst,1,Rapid Growth
Quality Control Systems Manager,0,This profession isn't forecasted to have future rapid growth nor future numerous job openings
Radiation Therapist,1,Rapid Growth
Radio Frequency Identification Device Specialist,0,This profession isn't forecasted to have future rapid growth nor future numerous job openings
"Radio, Cellular, and Tower Equipment Installer and Repairer",0,This profession isn't forecasted to have future rapid growth nor future numerous job openings
Radiologic Technologist,1,Rapid Growth
Radiologic technologist and Technician,0,This profession isn't forecasted to have future rapid growth nor future numerous job openings
Radiologist,0,This profession isn't forecasted to have future rapid growth nor future numerous job openings
"Railroad Brake, Signal, and Switch operator and Locomotive Firer",0,This profession isn't forecasted to have future rapid growth nor future numerous job openings
Range Manager,1,Rapid Growth
Real Estate Broker,0,This profession isn't forecasted to have future rapid growth nor future numerous job openings
Real Estate Sales Agent,0,This profession isn't forecasted to have future rapid growth nor future numerous job openings
Receptionist,0,This profession isn't forecasted to have future rapid growth nor future numerous job openings
Receptionists and Information Clerk,1,Rapid Growth; Numerous Job Openings
Recreation and Fitness Studies Teacher,0,This profession isn't forecasted to have future rapid growth nor future numerous job openings
Recreation Worker,1,Rapid Growth
Recreational Therapist,1,Rapid Growth
Registered Nurse,1,Rapid Growth; Numerous Job Openings
Regulatory Affairs Specialist,1,Rapid Growth
Rehabilitation Counselor,1,Rapid Growth
Religious Worker,0,This profession isn't forecasted to have future rapid growth nor future numerous job openings
Remote Sensing Scientist and Technologist,1,Rapid Growth
Remote Sensing Technician,0,This profession isn't forecasted to have future rapid growth nor future numerous job openings
Reporter,0,This profession isn't forecasted to have future rapid growth nor future numerous job openings
Reservation and Transportation Ticket Agent and Travel Clerk,0,This profession isn't forecasted to have future rapid growth nor future numerous job openings
Respiratory Therapist,1,Numerous Job Openings
Retail Salesperson,0,This profession isn't forecasted to have future rapid growth nor future numerous job openings
Robotics Engineer,0,This profession isn't forecasted to have future rapid growth nor future numerous job openings
Robotics Technician,0,This profession isn't forecasted to have future rapid growth nor future numerous job openings
Sailors and Marine Oiler,0,This profession isn't forecasted to have future rapid growth nor future numerous job openings
Sales and Related Worker,0,This profession isn't forecasted to have future rapid growth nor future numerous job openings
Sales Engineer,1,Rapid Growth
Sales Manager,0,This profession isn't forecasted to have future rapid growth nor future numerous job openings
"Sales Representatives of Services, Except Advertising, Insurance, Financial Services, and Travelv",1,Rapid Growth; Numerous Job Openings
"Sales Representatives, Wholesale and Manufacturing, Except Technical and Scientific Product",1,Numerous Job Openings
"Sales Representatives, Wholesale and Manufacturing, Technical and Scientific Product",0,This profession isn't forecasted to have future rapid growth nor future numerous job openings
"Sawing Machine Setters, operator, and Tenders, Wood",0,This profession isn't forecasted to have future rapid growth nor future numerous job openings
School Psychologist,0,This profession isn't forecasted to have future rapid growth nor future numerous job openings
Search Marketing Strategist,0,This profession isn't forecasted to have future rapid growth nor future numerous job openings
Secondary School Teacher,0,This profession isn't forecasted to have future rapid growth nor future numerous job openings
Secretary and Administrative Assistant,1,Numerous Job Openings
"Securities, Commodities, and Financial Services Sales Agent",0,This profession isn't forecasted to have future rapid growth nor future numerous job openings
Security and Fire Alarm Systems Installer,1,Rapid Growth
Security Guard,1,Numerous Job Openings
Security Management Specialist,1,Rapid Growth
Security Manager,1,Rapid Growth
Self-Enrichment Teacher,1,Rapid Growth
Semiconductor Processing Technician,0,This profession isn't forecasted to have future rapid growth nor future numerous job openings
"Service Unit operator, Oil and Gas",1,Rapid Growth
Set and Exhibit Designer,0,This profession isn't forecasted to have future rapid growth nor future numerous job openings
Sewer,0,This profession isn't forecasted to have future rapid growth nor future numerous job openings
Ship Engineer,0,This profession isn't forecasted to have future rapid growth nor future numerous job openings
"Shipping, Receiving, and Inventory Clerk",0,This profession isn't forecasted to have future rapid growth nor future numerous job openings
Shoe Machine Operator,0,This profession isn't forecasted to have future rapid growth nor future numerous job openings
Singer,0,This profession isn't forecasted to have future rapid growth nor future numerous job openings
Skincare Specialist,1,Rapid Growth
Slaughterers and Meat Packer,0,This profession isn't forecasted to have future rapid growth nor future numerous job openings
Social and Community Service Manager,1,Rapid Growth
Social and Human Service Assistant,1,Rapid Growth
Social Science Research Assistant,1,Rapid Growth
Social Sciences Teacher,0,This profession isn't forecasted to have future rapid growth nor future numerous job openings
Social Scientist,0,This profession isn't forecasted to have future rapid growth nor future numerous job openings
Social Scientist and Related Worker,0,This profession isn't forecasted to have future rapid growth nor future numerous job openings
Social Work Teacher,1,Rapid Growth
Social Worker,1,Rapid Growth
Sociologist,0,This profession isn't forecasted to have future rapid growth nor future numerous job openings
Sociology Teacher,0,This profession isn't forecasted to have future rapid growth nor future numerous job openings
Software Developer,1,Rapid Growth
Software Quality Assurance Analyst,1,Rapid Growth
Software Quality Assurance analyst and Tester,1,Rapid Growth
Soil and Plant Scientist,1,Rapid Growth
Solar Energy Installation Manager,1,Rapid Growth
Solar Energy Systems Engineer,0,This profession isn't forecasted to have future rapid growth nor future numerous job openings
Solar Photovoltaic Installer,1,Rapid Growth
Sound Engineering Technician,1,Rapid Growth
Special Education Teacher,1,Rapid Growth
"Special Education Teacher, Elementary School",0,This profession isn't forecasted to have future rapid growth nor future numerous job openings
"Special Education Teacher, Kindergarten",0,This profession isn't forecasted to have future rapid growth nor future numerous job openings
"Special Education Teacher, Middle School",0,This profession isn't forecasted to have future rapid growth nor future numerous job openings
"Special Education Teacher, Preschool",1,Rapid Growth
"Special Education Teacher, Secondary School",0,This profession isn't forecasted to have future rapid growth nor future numerous job openings
Special Effects Artist and Animator,0,This profession isn't forecasted to have future rapid growth nor future numerous job openings
Special Force,0,This profession isn't forecasted to have future rapid growth nor future numerous job openings
Special Forces Officer,0,This profession isn't forecasted to have future rapid growth nor future numerous job openings
Speech-Language Pathologist,1,Rapid Growth
Speech-Language Pathology Assistant,1,Rapid Growth
Sports Medicine Physician,0,This profession isn't forecasted to have future rapid growth nor future numerous job openings
Stationary Engineer and Boiler Operator,0,This profession isn't forecasted to have future rapid growth nor future numerous job openings
Statistical Assistant,1,Rapid Growth
Statistician,1,Rapid Growth
Stockers and Order Filler,1,Rapid Growth
Substance Abuse and Behavioral Disorder Counselor,1,Rapid Growth
Supply Chain Manager,0,This profession isn't forecasted to have future rapid growth nor future numerous job openings
Survey Researcher,0,This profession isn't forecasted to have future rapid growth nor future numerous job openings
Surveying and Mapping Technician,0,This profession isn't forecasted to have future rapid growth nor future numerous job openings
Surveyor,0,This profession isn't forecasted to have future rapid growth nor future numerous job openings
Sustainability Specialist,1,Rapid Growth
Switchboard Operator,0,This profession isn't forecasted to have future rapid growth nor future numerous job openings
Talent Director,1,Rapid Growth
"Tank Car, Truck, and Ship Loader",0,This profession isn't forecasted to have future rapid growth nor future numerous job openings
Tax Examiner,0,This profession isn't forecasted to have future rapid growth nor future numerous job openings
Teaching Assistant,0,This profession isn't forecasted to have future rapid growth nor future numerous job openings
"Teaching Assistant, Special Education",0,This profession isn't forecasted to have future rapid growth nor future numerous job openings
"Teaching Assistants, Preschool, Elementary, Middle, and Secondary School, Except Special Education",0,This profession isn't forecasted to have future rapid growth nor future numerous job openings
Telecommunications Engineering Specialist,1,Rapid Growth
Telecommunications Equipment Installer,0,This profession isn't forecasted to have future rapid growth nor future numerous job openings
Telecommunications Equipment Installer and Repairer,0,This profession isn't forecasted to have future rapid growth nor future numerous job openings
"Telecommunications Equipment Installer and Repairer, Except Line Installer",0,This profession isn't forecasted to have future rapid growth nor future numerous job openings
Telecommunications Line Installer and Repairer,0,This profession isn't forecasted to have future rapid growth nor future numerous job openings
Telephone Operator,0,This profession isn't forecasted to have future rapid growth nor future numerous job openings
Teller,0,This profession isn't forecasted to have future rapid growth nor future numerous job openings
Textile Knitting and Weaving Machine Setter,0,This profession isn't forecasted to have future rapid growth nor future numerous job openings
"Textile Knitting and Weaving Machine Setter, Operator, and Tender",0,This profession isn't forecasted to have future rapid growth nor future numerous job openings
"Textile Winding, Twisting, and Drawing Out Machine Setters, operator, and Tender",0,This profession isn't forecasted to have future rapid growth nor future numerous job openings
"Textile, Apparel, and Furnishings Worker",0,This profession isn't forecasted to have future rapid growth nor future numerous job openings
Therapist,1,Rapid Growth
Timing Device assembler and Adjuster,0,This profession isn't forecasted to have future rapid growth nor future numerous job openings
"Title Examiners, Abstractors, and Searcher",0,This profession isn't forecasted to have future rapid growth nor future numerous job openings
Tour Guide and Escort,1,Rapid Growth
Traffic Technician,1,Rapid Growth
Training and Development Manager,1,Rapid Growth
Training and Development Specialist,0,This profession isn't forecasted to have future rapid growth nor future numerous job openings
Transportation Engineer,0,This profession isn't forecasted to have future rapid growth nor future numerous job openings
Transportation Inspector,0,This profession isn't forecasted to have future rapid growth nor future numerous job openings
Transportation Security Screener,0,This profession isn't forecasted to have future rapid growth nor future numerous job openings
"Transportation Vehicle, Equipment and Systems Inspector",0,This profession isn't forecasted to have future rapid growth nor future numerous job openings
"Transportation Vehicle, Equipment and Systems Inspectors, Except Aviation",0,This profession isn't forecasted to have future rapid growth nor future numerous job openings
"Transportation, Storage, and Distribution Manager",0,This profession isn't forecasted to have future rapid growth nor future numerous job openings
Travel Agent,0,This profession isn't forecasted to have future rapid growth nor future numerous job openings
Travel Guide,1,Rapid Growth
Treasurer and Controller,1,Rapid Growth
Tree Trimmers and Pruner,1,Rapid Growth
Tutor,1,Rapid Growth
Urban and Regional Planner,1,Rapid Growth
"Ushers, Lobby Attendants, and Ticket Taker",0,This profession isn't forecasted to have future rapid growth nor future numerous job openings
Veterinarian,1,Rapid Growth
Veterinary Assistant and Laboratory Animal Caretaker,1,Rapid Growth
Veterinary Assistants and Laboratory Animal Caretaker,0,This profession isn't forecasted to have future rapid growth nor future numerous job openings
Veterinary technologist and Technician,0,This profession isn't forecasted to have future rapid growth nor future numerous job openings
Video Game Designer,1,Rapid Growth
Vision Rehabilitation Therapist,0,This profession isn't forecasted to have future rapid growth nor future numerous job openings
Water Resource Specialist,1,Rapid Growth
Water/Wastewater Engineer,0,This profession isn't forecasted to have future rapid growth nor future numerous job openings
Weatherization Installer and Technician,0,This profession isn't forecasted to have future rapid growth nor future numerous job openings
Web Administrator,1,Rapid Growth
Web and Digital Interface Designer,1,Rapid Growth
Web Developer,1,Rapid Growth
"Weighers, Measurers, Checkers, and Samplers, Recordkeeping",1,Rapid Growth
"Welders, Cutters, Solderers, and Brazer",0,This profession isn't forecasted to have future rapid growth nor future numerous job openings
"Welding, Soldering, and Brazing Machine Setters, operator, and Tender",0,This profession isn't forecasted to have future rapid growth nor future numerous job openings
Wholesale and Retail Buyer,0,This profession isn't forecasted to have future rapid growth nor future numerous job openings
Wind Energy Development Manager,0,This profession isn't forecasted to have future rapid growth nor future numerous job openings
Wind Energy Engineer,0,This profession isn't forecasted to have future rapid growth nor future numerous job openings
Wind Energy Operations Manager,0,This profession isn't forecasted to have future rapid growth nor future numerous job openings
Wind Turbine Service Technician,1,Rapid Growth
Writers and Author,0,This profession isn't forecasted to have future rapid growth nor future numerous job openings
Zoologist and Wildlife Biologist,0,This profession isn't forecasted to have future rapid growth nor future numerous job openings
Zoologists and Wildlife Biologist,0,This profession isn't forecasted to have future rapid growth nor future numerous job openings