Location,Count,Category
"Beirut, Lebanon",1,Accountant
"Beirut, Lebanon",1,Accountant
"Beirut, Lebanon",1,Accountant
"Beirut, Lebanon",1,Accountant
"Beirut, Lebanon",1,Accountant
"Mount Lebanon, Lebanon",1,Accountant
"Mount Lebanon, Lebanon",1,Accountant
"Mount Lebanon, Lebanon",1,Accountant
"Mount Lebanon, Lebanon",1,Accountant
"Mount Lebanon, Lebanon",1,Accountant
"Mount Lebanon, Lebanon",1,Accountant
"Beirut, Lebanon",1,Administrator
"Mount Lebanon, Lebanon",1,Administrator
"South, Lebanon",1,Administrator
"Beirut, Lebanon",1,Advertising Specialist
"Beirut, Lebanon",1,Advisor
"Beirut, Lebanon",1,Advisor
"Beirut, Lebanon",1,Advisor
"Beirut, Lebanon",1,Advisor
"Beirut, Lebanon",1,advisor
"Beirut, Lebanon",1,advisor
"Beirut, Lebanon",1,advisor
"Beirut, Lebanon",1,advisor
"Beirut, Lebanon",1,advisor
"Beirut, Lebanon",1,Advisor
"Beirut, Lebanon",1,Advisor
"Beirut, Lebanon",1,advisor
"Beirut, Lebanon",1,Advisor
"Mount Lebanon, Lebanon",1,advisor
"Mount Lebanon, Lebanon",1,advisor
"South, Lebanon",1,advisor
"Beirut, Lebanon",1,Analyst
"Beirut, Lebanon",1,Analyst
"Beirut, Lebanon",1,Analyst
"Beirut, Lebanon",1,Analyst
"Beirut, Lebanon",1,Analyst
"Beirut, Lebanon",1,Analyst
"Beirut, Lebanon",1,Analyst
"Beirut, Lebanon",1,Analyst
"Beirut, Lebanon",1,Analyst
"Beirut, Lebanon",1,Analyst
"Beirut, Lebanon",1,Analyst
"Beirut, Lebanon",1,Analyst
"Beirut, Lebanon",1,Analyst
"Beirut, Lebanon",1,Analyst
"Beirut, Lebanon",1,Analyst
"Beirut, Lebanon",1,Analyst
"Beirut, Lebanon",1,Analyst
"Beirut, Lebanon",1,Analyst
"Beirut, Lebanon",1,Analyst
"Beirut, Lebanon",1,Analyst
"Beirut, Lebanon",1,Analyst
"Beirut, Lebanon",1,Analyst
"Beirut, Lebanon",1,Analyst
"Beirut, Lebanon",1,Analyst
"Beirut, Lebanon",1,Analyst
"Beirut, Lebanon",1,Analyst
"Beirut, Lebanon",1,Analyst
"Beirut, Lebanon",1,Analyst
"Beirut, Lebanon",1,Analyst
"Beirut, Lebanon",1,Analyst
"Beirut, Lebanon",1,Analyst
"Beirut, Lebanon",1,Analyst
"Beirut, Lebanon",1,Analyst
"Beirut, Lebanon",1,Analyst
"Beirut, Lebanon",1,Analyst
"Beirut, Lebanon",1,Analyst
"Beirut, Lebanon",1,Analyst
"Beirut, Lebanon",1,Analyst
"Beirut, Lebanon",1,Analyst
"Beirut, Lebanon",1,Analyst
"Beirut, Lebanon",1,Analyst
"Beirut, Lebanon",1,Analyst
"Beirut, Lebanon",1,Analyst
"Beirut, Lebanon",1,Analyst
"Beirut, Lebanon",1,Analyst
"Beirut, Lebanon",1,Analyst
"Beirut, Lebanon",1,Analyst
"Beirut, Lebanon",1,Analyst
"Beirut, Lebanon",1,Analyst
"Mount Lebanon, Lebanon",1,Analyst
"Mount Lebanon, Lebanon",1,Analyst
"Mount Lebanon, Lebanon",1,Analyst
"South, Lebanon",1,Analyst
"Mount Lebanon, Lebanon",1,Analyst
"Mount Lebanon, Lebanon",1,Analyst
"South, Lebanon",1,Analyst
"North, Lebanon",1,Analyst
"Beqaa, Lebanon",1,Analyst
"Mount Lebanon, Lebanon",1,Analyst
"Mount Lebanon, Lebanon",1,Animator
"Beirut, Lebanon",1,Animator
"Beirut, Lebanon",1,Animator
"Beirut, Lebanon",1,Animator
"North, Lebanon",1,Animator
"Beirut, Lebanon",1,Art
"Beirut, Lebanon",1,Art
"Beirut, Lebanon",1,Art
"Beirut, Lebanon",1,Art
"Beirut, Lebanon",1,Art
"Beirut, Lebanon",1,Art
"Beirut, Lebanon",1,Art
"South, Lebanon",1,Art
"Mount Lebanon, Lebanon",1,Art
"North, Lebanon",1,Art
"Mount Lebanon, Lebanon",1,Art
"Mount Lebanon, Lebanon",1,Assistant
"Mount Lebanon, Lebanon",1,Assistant
"Mount Lebanon, Lebanon",1,Assistant
"Beirut, Lebanon",1,Assistant
"Beirut, Lebanon",1,Assistant
"Beirut, Lebanon",1,Assistant
"Beirut, Lebanon",1,Assistant
"Beirut, Lebanon",1,Assistant
"Beirut, Lebanon",1,Assistant
"Beirut, Lebanon",1,Assistant
"Beirut, Lebanon",1,Assistant
"Beirut, Lebanon",1,Assistant
"Beirut, Lebanon",1,Assistant
"Beirut, Lebanon",1,Assistant
"Beirut, Lebanon",1,Assistant
"Beirut, Lebanon",1,Assistant
"Beirut, Lebanon",1,Assistant
"Beirut, Lebanon",1,Assistant
"Beirut, Lebanon",1,Assistant
"Beirut, Lebanon",1,Assistant
"Mount Lebanon, Lebanon",1,Assistant
"North, Lebanon",1,Assistant
"South, Lebanon",1,Assistant
"South, Lebanon",1,Assistant
"Beqaa, Lebanon",1,Assistant
"Beirut, Lebanon",1,Associate
"Beirut, Lebanon",1,Associate
"Beirut, Lebanon",1,Associate
"Beirut, Lebanon",1,Associate
"Beirut, Lebanon",1,Associate
"Beirut, Lebanon",1,Associate
"Beirut, Lebanon",1,Associate
"Beirut, Lebanon",1,Associate
"Beirut, Lebanon",1,Associate
"Beirut, Lebanon",1,Associate
"Beirut, Lebanon",1,Associate
"Beirut, Lebanon",1,Associate
"Beirut, Lebanon",1,Associate
"Beirut, Lebanon",1,Associate
"Beirut, Lebanon",1,Associate
"Beirut, Lebanon",1,Associate
"Beirut, Lebanon",1,Associate
"Beirut, Lebanon",1,Associate
"Beirut, Lebanon",1,Associate
"Beirut, Lebanon",1,Associate
"Beirut, Lebanon",1,Associate
"Beirut, Lebanon",1,Associate
"Beirut, Lebanon",1,Associate
"Beirut, Lebanon",1,Associate
"Beirut, Lebanon",1,Associate
"Beirut, Lebanon",1,Associate
"Beirut, Lebanon",1,Associate
"Beirut, Lebanon",1,Associate
"Beirut, Lebanon",1,Associate
"Beirut, Lebanon",1,Associate
"Beirut, Lebanon",1,Associate
"Beirut, Lebanon",1,Associate
"Beirut, Lebanon",1,Associate
"Beirut, Lebanon",1,Associate
"Beirut, Lebanon",1,Associate
"Beirut, Lebanon",1,Associate
"Mount Lebanon, Lebanon",1,Associate
"Mount Lebanon, Lebanon",1,Associate
"North, Lebanon",1,Associate
"North, Lebanon",1,Associate
"Beirut, Lebanon",1,Business Specialist
"Beirut, Lebanon",1,Business Specialist
"Beirut, Lebanon",1,Business Specialist
"Beirut, Lebanon",1,Business Specialist
"Beirut, Lebanon",1,Business Specialist
"Mount Lebanon, Lebanon",1,Business Specialist
"Beirut, Lebanon",1,Cashier
"Beirut, Lebanon",1,Cashier
"Beirut, Lebanon",1,Chef
"Beirut, Lebanon",1,Chef
"Beirut, Lebanon",1,Chef
"Beirut, Lebanon",1,Chef
"Beirut, Lebanon",1,Chef
"Beirut, Lebanon",1,Chef
"Beirut, Lebanon",1,Chef
"Beirut, Lebanon",1,Chef
"Beirut, Lebanon",1,Chef
"Beirut, Lebanon",1,Chef
"South, Lebanon",1,Chef
"Beqaa, Lebanon",1,Chef
"North, Lebanon",1,Chef
"Beirut, Lebanon",1,Cinema
"Beirut, Lebanon",1,Cinema
"Beirut, Lebanon",1,Cinema
"Beirut, Lebanon",1,Cinema
"Beirut, Lebanon",1,Cinema
"Mount Lebanon, Lebanon",1,Cinema
"North, Lebanon",1,Cinema
"Beirut, Lebanon",1,Communication Specialist
"Beirut, Lebanon",1,Communication Specialist
"Beirut, Lebanon",1,Communication Specialist
"Beirut, Lebanon",1,Communication Specialist
"Beirut, Lebanon",1,Consultant
"Beirut, Lebanon",1,Consultant
"Beirut, Lebanon",1,Consultant
"Beirut, Lebanon",1,Consultant
"Beirut, Lebanon",1,Consultant
"Beirut, Lebanon",1,Consultant
"Beirut, Lebanon",1,Consultant
"Beirut, Lebanon",1,Consultant
"Beirut, Lebanon",1,Consultant
"Beirut, Lebanon",1,Consultant
"Beirut, Lebanon",1,Consultant
"Beirut, Lebanon",1,Consultant
"Beirut, Lebanon",1,Consultant
"Beirut, Lebanon",1,Consultant
"Beirut, Lebanon",1,Consultant
"Beirut, Lebanon",1,Consultant
"Beirut, Lebanon",1,Consultant
"Beirut, Lebanon",1,Consultant
"Beirut, Lebanon",1,Consultant
"Beirut, Lebanon",1,Consultant
"Beirut, Lebanon",1,Consultant
"Beirut, Lebanon",1,Consultant
"Beirut, Lebanon",1,Consultant
"Beirut, Lebanon",1,Coordinator
"Beirut, Lebanon",1,Coordinator
"Mount Lebanon, Lebanon",1,Coordinator
"North, Lebanon",1,Coordinator
"Mount Lebanon, Lebanon",1,Copywriter
"Beirut, Lebanon",1,Copywriter
"Beirut, Lebanon",1,Copywriter
"Beirut, Lebanon",1,Copywriter
"Beirut, Lebanon",1,Copywriter
"Beirut, Lebanon",1,Copywriter
"Beirut, Lebanon",1,Copywriter
"Mount Lebanon, Lebanon",1,Copywriter
"Mount Lebanon, Lebanon",1,Copywriter
"Mount Lebanon, Lebanon",1,Designer
"Mount Lebanon, Lebanon",1,Designer
"Mount Lebanon, Lebanon",1,Designer
"Beirut, Lebanon",1,Designer
"Beirut, Lebanon",1,Designer
"Beirut, Lebanon",1,Designer
"Beirut, Lebanon",1,Designer
"Beirut, Lebanon",1,Designer
"Beirut, Lebanon",1,Designer
"Beirut, Lebanon",1,Designer
"Beirut, Lebanon",1,Designer
"Beirut, Lebanon",1,Designer
"Beirut, Lebanon",1,Designer
"Beirut, Lebanon",1,Designer
"Beirut, Lebanon",1,Designer
"Beirut, Lebanon",1,Designer
"Beirut, Lebanon",1,Designer
"Beirut, Lebanon",1,Designer
"Beirut, Lebanon",1,Designer
"Beirut, Lebanon",1,Designer
"Beirut, Lebanon",1,Designer
"Beirut, Lebanon",1,Designer
"Beirut, Lebanon",1,Designer
"Beirut, Lebanon",1,Designer
"Beirut, Lebanon",1,Designer
"Beirut, Lebanon",1,Designer
"Beirut, Lebanon",1,Designer
"Beirut, Lebanon",1,Designer
"Beirut, Lebanon",1,Designer
"Beirut, Lebanon",1,Designer
"Beirut, Lebanon",1,Designer
"Beirut, Lebanon",1,Designer
"Beirut, Lebanon",1,Designer
"Beirut, Lebanon",1,Designer
"Beirut, Lebanon",1,Designer
"Beirut, Lebanon",1,Designer
"Beirut, Lebanon",1,Designer
"Beirut, Lebanon",1,Designer
"Beirut, Lebanon",1,Designer
"Beirut, Lebanon",1,Designer
"Beirut, Lebanon",1,Designer
"Beirut, Lebanon",1,Designer
"Beirut, Lebanon",1,Designer
"Beirut, Lebanon",1,Designer
"Beirut, Lebanon",1,Designer
"Beirut, Lebanon",1,Designer
"Beirut, Lebanon",1,Designer
"Beirut, Lebanon",1,Designer
"Beirut, Lebanon",1,Designer
"Beirut, Lebanon",1,Designer
"Beirut, Lebanon",1,Designer
"Beirut, Lebanon",1,Designer
"Beirut, Lebanon",1,Designer
"Beirut, Lebanon",1,Designer
"Beirut, Lebanon",1,Designer
"Beirut, Lebanon",1,Designer
"Beirut, Lebanon",1,Designer
"Mount Lebanon, Lebanon",1,Designer
"Mount Lebanon, Lebanon",1,Designer
"Mount Lebanon, Lebanon",1,Designer
"North, Lebanon",1,Designer
"Mount Lebanon, Lebanon",1,Designer
"Mount Lebanon, Lebanon",1,Designer
"Mount Lebanon, Lebanon",1,Designer
"Mount Lebanon, Lebanon",1,Designer
"Mount Lebanon, Lebanon",1,Designer
"Mount Lebanon, Lebanon",1,Designer
"Mount Lebanon, Lebanon",1,Designer
"Mount Lebanon, Lebanon",1,Designer
"Mount Lebanon, Lebanon",1,Designer
"South, Lebanon",1,Designer
"North, Lebanon",1,Designer
"Mount Lebanon, Lebanon",1,Designer
"Beirut, Lebanon",1,Economist
"Beirut, Lebanon",1,Engineer
"Beirut, Lebanon",1,Engineer
"Beirut, Lebanon",1,Engineer
"Beirut, Lebanon",1,Engineer
"Beirut, Lebanon",1,Engineer
"Beirut, Lebanon",1,Engineer
"Beirut, Lebanon",1,Engineer
"Beirut, Lebanon",1,Engineer
"Beirut, Lebanon",1,Engineer
"Beirut, Lebanon",1,Engineer
"Beirut, Lebanon",1,Engineer
"Beirut, Lebanon",1,Engineer
"Beirut, Lebanon",1,Engineer
"Beirut, Lebanon",1,Engineer
"Beirut, Lebanon",1,Engineer
"Beirut, Lebanon",1,Engineer
"Beirut, Lebanon",1,Engineer
"Beirut, Lebanon",1,Engineer
"Beirut, Lebanon",1,Engineer
"Beirut, Lebanon",1,Engineer
"Beirut, Lebanon",1,Engineer
"Beirut, Lebanon",1,Engineer
"Beirut, Lebanon",1,Engineer
"Beirut, Lebanon",1,Engineer
"Beirut, Lebanon",1,Engineer
"Beirut, Lebanon",1,Engineer
"Beirut, Lebanon",1,Engineer
"Beirut, Lebanon",1,Engineer
"Beirut, Lebanon",1,Engineer
"Beirut, Lebanon",1,Engineer
"Beirut, Lebanon",1,Engineer
"Beirut, Lebanon",1,Engineer
"Beirut, Lebanon",1,Engineer
"Beirut, Lebanon",1,Engineer
"Beirut, Lebanon",1,Engineer
"Beirut, Lebanon",1,Engineer
"Beirut, Lebanon",1,Engineer
"Beirut, Lebanon",1,Engineer
"Beirut, Lebanon",1,Engineer
"Beirut, Lebanon",1,Engineer
"Beirut, Lebanon",1,Engineer
"Beirut, Lebanon",1,Engineer
"Beirut, Lebanon",1,Engineer
"Beirut, Lebanon",1,Engineer
"Beirut, Lebanon",1,Engineer
"Beirut, Lebanon",1,Engineer
"Beirut, Lebanon",1,Engineer
"Beirut, Lebanon",1,Engineer
"Beirut, Lebanon",1,Engineer
"Beirut, Lebanon",1,Engineer
"Beirut, Lebanon",1,Engineer
"Beirut, Lebanon",1,Engineer
"Beirut, Lebanon",1,Engineer
"Beirut, Lebanon",1,Engineer
"Beirut, Lebanon",1,Engineer
"Beirut, Lebanon",1,Engineer
"Beirut, Lebanon",1,Engineer
"Beirut, Lebanon",1,Engineer
"Beirut, Lebanon",1,Engineer
"Beirut, Lebanon",1,Engineer
"Beirut, Lebanon",1,Engineer
"Mount Lebanon, Lebanon",1,Engineer
"Mount Lebanon, Lebanon",1,Engineer
"Mount Lebanon, Lebanon",1,Engineer
"Mount Lebanon, Lebanon",1,Engineer
"Mount Lebanon, Lebanon",1,Engineer
"Mount Lebanon, Lebanon",1,Engineer
"Mount Lebanon, Lebanon",1,Engineer
"Mount Lebanon, Lebanon",1,Engineer
"Mount Lebanon, Lebanon",1,Engineer
"Beirut, Lebanon",1,Finance Specialist
"Beirut, Lebanon",1,Finance Specialist
"Beirut, Lebanon",1,Finance Specialist
"Beirut, Lebanon",1,Finance Specialist
"Beirut, Lebanon",1,Finance Specialist
"Beirut, Lebanon",1,Finance Specialist
"Beirut, Lebanon",1,Finance Specialist
"Beirut, Lebanon",1,Finance Specialist
"Beirut, Lebanon",1,Finance Specialist
"Beirut, Lebanon",1,Finance Specialist
"Beirut, Lebanon",1,Finance Specialist
"Beirut, Lebanon",1,Finance Specialist
"Beirut, Lebanon",1,Finance Specialist
"Beirut, Lebanon",1,Finance Specialist
"Beirut, Lebanon",1,Finance Specialist
"Beirut, Lebanon",1,Finance Specialist
"Beirut, Lebanon",1,Finance Specialist
"Beirut, Lebanon",1,Finance Specialist
"Beirut, Lebanon",1,Finance Specialist
"Beirut, Lebanon",1,Finance Specialist
"Beirut, Lebanon",1,Finance Specialist
"Beirut, Lebanon",1,Finance Specialist
"Beirut, Lebanon",1,Finance Specialist
"Beirut, Lebanon",1,Finance Specialist
"Beirut, Lebanon",1,Finance Specialist
"Beirut, Lebanon",1,Finance Specialist
"Beirut, Lebanon",1,Finance Specialist
"Beirut, Lebanon",1,Finance Specialist
"Beqaa, Lebanon",1,Finance Specialist
"Beirut, Lebanon",1,Finance Specialist
"Mount Lebanon, Lebanon",1,Finance Specialist
"Mount Lebanon, Lebanon",1,Finance Specialist
"North, Lebanon",1,Finance Specialist
"North, Lebanon",1,Finance Specialist
"North, Lebanon",1,Finance Specialist
"Beirut, Lebanon",1,Hospitality
"Beirut, Lebanon",1,Human Resource Specialist
"Beirut, Lebanon",1,Human Resource Specialist
"Beirut, Lebanon",1,Human Resource Specialist
"Beirut, Lebanon",1,Human Resource Specialist
"Beirut, Lebanon",1,Human Resource Specialist
"Beirut, Lebanon",1,Human Resource Specialist
"Beirut, Lebanon",1,Human Resource Specialist
"Beirut, Lebanon",1,Lawyer
"Mount Lebanon, Lebanon",1,Manager
"Beirut, Lebanon",1,Manager
"Beirut, Lebanon",1,Manager
"Beirut, Lebanon",1,Manager
"Beirut, Lebanon",1,Manager
"Beirut, Lebanon",1,Manager
"Beirut, Lebanon",1,Manager
"Beirut, Lebanon",1,Manager
"Beirut, Lebanon",1,Manager
"Beirut, Lebanon",1,Manager
"Beirut, Lebanon",1,Manager
"Beirut, Lebanon",1,Manager
"Beirut, Lebanon",1,Manager
"Beirut, Lebanon",1,Manager
"Beirut, Lebanon",1,Manager
"Beirut, Lebanon",1,Manager
"Beirut, Lebanon",1,Manager
"Beirut, Lebanon",1,Manager
"Beirut, Lebanon",1,Manager
"Beirut, Lebanon",1,Manager
"Beirut, Lebanon",1,Manager
"Beirut, Lebanon",1,Manager
"Beirut, Lebanon",1,Manager
"Beirut, Lebanon",1,Manager
"Beirut, Lebanon",1,Manager
"Beirut, Lebanon",1,Manager
"Beirut, Lebanon",1,Manager
"Beirut, Lebanon",1,Manager
"Beirut, Lebanon",1,Manager
"Beirut, Lebanon",1,Manager
"Beirut, Lebanon",1,Manager
"Beirut, Lebanon",1,Manager
"Beirut, Lebanon",1,Manager
"Beirut, Lebanon",1,Manager
"Beirut, Lebanon",1,Manager
"Beirut, Lebanon",1,Manager
"Beirut, Lebanon",1,Manager
"Beirut, Lebanon",1,Manager
"Beirut, Lebanon",1,Manager
"Beirut, Lebanon",1,Manager
"Beirut, Lebanon",1,Manager
"Beirut, Lebanon",1,Manager
"Beirut, Lebanon",1,Manager
"Beirut, Lebanon",1,Manager
"Beirut, Lebanon",1,Manager
"Beirut, Lebanon",1,Manager
"Beirut, Lebanon",1,Manager
"Beirut, Lebanon",1,Manager
"Beirut, Lebanon",1,Manager
"Beirut, Lebanon",1,Manager
"Beirut, Lebanon",1,Manager
"Beirut, Lebanon",1,Manager
"Beirut, Lebanon",1,Manager
"Beirut, Lebanon",1,Manager
"Beirut, Lebanon",1,Manager
"Beirut, Lebanon",1,Manager
"Beirut, Lebanon",1,Manager
"Beirut, Lebanon",1,Manager
"Beirut, Lebanon",1,Manager
"Beirut, Lebanon",1,Manager
"Beirut, Lebanon",1,Manager
"Beirut, Lebanon",1,Manager
"Beirut, Lebanon",1,Manager
"Beirut, Lebanon",1,Manager
"Beirut, Lebanon",1,Manager
"Beirut, Lebanon",1,Manager
"Beirut, Lebanon",1,Manager
"Beirut, Lebanon",1,Manager
"Beirut, Lebanon",1,Manager
"Beirut, Lebanon",1,Manager
"Beirut, Lebanon",1,Manager
"Beirut, Lebanon",1,Manager
"Beirut, Lebanon",1,Manager
"Beirut, Lebanon",1,Manager
"Beirut, Lebanon",1,Manager
"Beirut, Lebanon",1,Manager
"Beirut, Lebanon",1,Manager
"Beirut, Lebanon",1,Manager
"Beirut, Lebanon",1,Manager
"Beirut, Lebanon",1,Manager
"Beirut, Lebanon",1,Manager
"Beirut, Lebanon",1,Manager
"Beirut, Lebanon",1,Manager
"Beirut, Lebanon",1,Manager
"Beirut, Lebanon",1,Manager
"Beirut, Lebanon",1,Manager
"Beirut, Lebanon",1,Manager
"Beirut, Lebanon",1,Manager
"Beirut, Lebanon",1,Manager
"Beirut, Lebanon",1,Manager
"Beirut, Lebanon",1,Manager
"Beirut, Lebanon",1,Manager
"Beirut, Lebanon",1,Manager
"Beirut, Lebanon",1,Manager
"Beirut, Lebanon",1,Manager
"Beirut, Lebanon",1,Manager
"Beirut, Lebanon",1,Manager
"Beirut, Lebanon",1,Manager
"Beirut, Lebanon",1,Manager
"Beirut, Lebanon",1,Manager
"Beirut, Lebanon",1,Manager
"Beirut, Lebanon",1,Manager
"Beirut, Lebanon",1,Manager
"Beirut, Lebanon",1,Manager
"Beirut, Lebanon",1,Manager
"Beirut, Lebanon",1,Manager
"Beirut, Lebanon",1,Manager
"Beirut, Lebanon",1,Manager
"Beirut, Lebanon",1,Manager
"Beirut, Lebanon",1,Manager
"Mount Lebanon, Lebanon",1,Manager
"Mount Lebanon, Lebanon",1,Manager
"Mount Lebanon, Lebanon",1,Manager
"Mount Lebanon, Lebanon",1,Manager
"Mount Lebanon, Lebanon",1,Manager
"Mount Lebanon, Lebanon",1,Manager
"Mount Lebanon, Lebanon",1,Manager
"Mount Lebanon, Lebanon",1,Manager
"Mount Lebanon, Lebanon",1,Manager
"North, Lebanon",1,Manager
"North, Lebanon",1,Manager
"North, Lebanon",1,Manager
"South, Lebanon",1,Manager
"South, Lebanon",1,Manager
"Mount Lebanon, Lebanon",1,Manager
"South, Lebanon",1,Manager
"South, Lebanon",1,Manager
"Mount Lebanon, Lebanon",1,Manager
"Mount Lebanon, Lebanon",1,Marketer
"Beirut, Lebanon",1,Marketer
"Beirut, Lebanon",1,Marketer
"Beirut, Lebanon",1,Marketer
"Beirut, Lebanon",1,Marketer
"Beirut, Lebanon",1,Marketer
"Beirut, Lebanon",1,Marketer
"Beirut, Lebanon",1,Marketer
"Beirut, Lebanon",1,Marketer
"Beirut, Lebanon",1,Marketer
"Beirut, Lebanon",1,Marketer
"Beirut, Lebanon",1,Marketer
"Beirut, Lebanon",1,Marketer
"Beirut, Lebanon",1,Marketer
"Beirut, Lebanon",1,Marketer
"Beirut, Lebanon",1,Marketer
"Beirut, Lebanon",1,Marketer
"Beirut, Lebanon",1,Marketer
"Beirut, Lebanon",1,Marketer
"Beirut, Lebanon",1,Marketer
"Beirut, Lebanon",1,Marketer
"Beirut, Lebanon",1,Marketer
"Beirut, Lebanon",1,Marketer
"Beirut, Lebanon",1,Marketer
"Beirut, Lebanon",1,Marketer
"Beirut, Lebanon",1,Marketer
"Beirut, Lebanon",1,Marketer
"Beirut, Lebanon",1,Marketer
"Beirut, Lebanon",1,Marketer
"Beirut, Lebanon",1,Marketer
"Beirut, Lebanon",1,Marketer
"Beirut, Lebanon",1,Marketer
"Beirut, Lebanon",1,Marketer
"Beirut, Lebanon",1,Marketer
"Beirut, Lebanon",1,Marketer
"Beirut, Lebanon",1,Marketer
"Beirut, Lebanon",1,Marketer
"Beirut, Lebanon",1,Marketer
"Beirut, Lebanon",1,Marketer
"Beirut, Lebanon",1,Marketer
"Beirut, Lebanon",1,Marketer
"Beirut, Lebanon",1,Marketer
"Beirut, Lebanon",1,Marketer
"Beirut, Lebanon",1,Marketer
"Beirut, Lebanon",1,Marketer
"Mount Lebanon, Lebanon",1,Marketer
"Mount Lebanon, Lebanon",1,Marketer
"Mount Lebanon, Lebanon",1,Marketer
"Mount Lebanon, Lebanon",1,Marketer
"Mount Lebanon, Lebanon",1,Marketer
"Mount Lebanon, Lebanon",1,Marketer
"Mount Lebanon, Lebanon",1,Marketer
"Mount Lebanon, Lebanon",1,Marketer
"Mount Lebanon, Lebanon",1,Marketer
"Mount Lebanon, Lebanon",1,Marketer
"North, Lebanon",1,Marketer
"Mount Lebanon, Lebanon",1,Marketer
"Beirut, Lebanon",1,Medical Doctor
"Beirut, Lebanon",1,Medical Doctor
"Mount Lebanon, Lebanon",1,Officer
"Beirut, Lebanon",1,Officer
"Beirut, Lebanon",1,Officer
"Beirut, Lebanon",1,Officer
"Beirut, Lebanon",1,Officer
"Beirut, Lebanon",1,Officer
"Beirut, Lebanon",1,Officer
"Beirut, Lebanon",1,Officer
"Akkar, Lebanon",1,Officer
"Akkar, Lebanon",1,Officer
"Akkar, Lebanon",1,Officer
"North, Lebanon",1,Officer
"North, Lebanon",1,Officer
"Mount Lebanon, Lebanon",1,Operator
"Mount Lebanon, Lebanon",1,Operator
"Mount Lebanon, Lebanon",1,Pharmacist
"Beirut, Lebanon",1,Pharmacist
"Mount Lebanon, Lebanon",1,Pharmacist
"Beqaa, Lebanon",1,Pharmacist
"Mount Lebanon, Lebanon",1,Pharmacist
"Beirut, Lebanon",1,Photographer
"Beirut, Lebanon",1,Photographer
"Beirut, Lebanon",1,Researcher
"Beirut, Lebanon",1,Researcher
"Beirut, Lebanon",1,Researcher
"Mount Lebanon, Lebanon",1,Researcher
"Beirut, Lebanon",1,Sales Person
"Beirut, Lebanon",1,Sales Person
"Beirut, Lebanon",1,Sales Person
"Beirut, Lebanon",1,Sales Person
"Beirut, Lebanon",1,Sales Person
"Beirut, Lebanon",1,Sales Person
"Beirut, Lebanon",1,Sales Person
"Beirut, Lebanon",1,Sales Person
"Beirut, Lebanon",1,Sales Person
"Beirut, Lebanon",1,Sales Person
"Beirut, Lebanon",1,Sales Person
"Beirut, Lebanon",1,Sales Person
"Beirut, Lebanon",1,Sales Person
"Beirut, Lebanon",1,Sales Person
"Beirut, Lebanon",1,Sales Person
"Beirut, Lebanon",1,Sales Person
"Beirut, Lebanon",1,Sales Person
"Beirut, Lebanon",1,Sales Person
"Beirut, Lebanon",1,Sales Person
"Beirut, Lebanon",1,Sales Person
"Beirut, Lebanon",1,Sales Person
"Beirut, Lebanon",1,Sales Person
"Beirut, Lebanon",1,Sales Person
"Beirut, Lebanon",1,Sales Person
"Beirut, Lebanon",1,Sales Person
"Beirut, Lebanon",1,Sales Person
"Beirut, Lebanon",1,Sales Person
"Beirut, Lebanon",1,Sales Person
"Beirut, Lebanon",1,Sales Person
"Beirut, Lebanon",1,Sales Person
"Beirut, Lebanon",1,Sales Person
"Beirut, Lebanon",1,Sales Person
"Beirut, Lebanon",1,Sales Person
"Beirut, Lebanon",1,Sales Person
"Beirut, Lebanon",1,Sales Person
"Beirut, Lebanon",1,Sales Person
"Beirut, Lebanon",1,Sales Person
"Beirut, Lebanon",1,Sales Person
"Beirut, Lebanon",1,Sales Person
"Beirut, Lebanon",1,Sales Person
"Beirut, Lebanon",1,Sales Person
"Beirut, Lebanon",1,Sales Person
"Beirut, Lebanon",1,Sales Person
"Beirut, Lebanon",1,Sales Person
"Beirut, Lebanon",1,Sales Person
"Beirut, Lebanon",1,Sales Person
"Beirut, Lebanon",1,Sales Person
"Beirut, Lebanon",1,Sales Person
"Beirut, Lebanon",1,Sales Person
"Beirut, Lebanon",1,Sales Person
"Beirut, Lebanon",1,Sales Person
"Beirut, Lebanon",1,Sales Person
"Beirut, Lebanon",1,Sales Person
"Beirut, Lebanon",1,Sales Person
"Mount Lebanon, Lebanon",1,Sales Person
"Mount Lebanon, Lebanon",1,Sales Person
"Mount Lebanon, Lebanon",1,Sales Person
"North, Lebanon",1,Sales Person
"Mount Lebanon, Lebanon",1,Sales Person
"Mount Lebanon, Lebanon",1,Sales Person
"Mount Lebanon, Lebanon",1,Sales Person
"Mount Lebanon, Lebanon",1,Sales Person
"Mount Lebanon, Lebanon",1,Sales Person
"Mount Lebanon, Lebanon",1,Sales Person
"Mount Lebanon, Lebanon",1,Sales Person
"Mount Lebanon, Lebanon",1,Sales Person
"Mount Lebanon, Lebanon",1,Sales Person
"Mount Lebanon, Lebanon",1,Sales Person
"South, Lebanon",1,Sales Person
"Mount Lebanon, Lebanon",1,Sales Person
"Mount Lebanon, Lebanon",1,Sales Person
"South, Lebanon",1,Sales Person
"Mount Lebanon, Lebanon",1,Sales Person
"Mount Lebanon, Lebanon",1,Sales Person
"Mount Lebanon, Lebanon",1,Sales Person
"Beirut, Lebanon",1,Scientist
"Mount Lebanon, Lebanon",1,Scientist
"Beirut, Lebanon",1,Services
"Beirut, Lebanon",1,Services
"Beirut, Lebanon",1,Services
"Beirut, Lebanon",1,Services
"Beirut, Lebanon",1,Services
"Beirut, Lebanon",1,Services
"Beirut, Lebanon",1,Services
"Beirut, Lebanon",1,Services
"Beirut, Lebanon",1,Services
"Beirut, Lebanon",1,Services
"Beirut, Lebanon",1,Services
"North, Lebanon",1,Services
"Beirut, Lebanon",1,Social Media
"Beirut, Lebanon",1,Social Media
"Beirut, Lebanon",1,Social Media
"Beirut, Lebanon",1,Social Media
"Beirut, Lebanon",1,Social Media
"Beirut, Lebanon",1,Social Media
"Beirut, Lebanon",1,Social Media
"Beirut, Lebanon",1,Social Media
"Beirut, Lebanon",1,Social Media
"Beirut, Lebanon",1,Social Media
"Beirut, Lebanon",1,Social Media
"Beirut, Lebanon",1,Social Media
"Beirut, Lebanon",1,Social Media
"Beirut, Lebanon",1,Social Media
"Beirut, Lebanon",1,Social Media
"Mount Lebanon, Lebanon",1,Social Media
"Beirut, Lebanon",1,Software Developer
"Beirut, Lebanon",1,Software Developer
"Beirut, Lebanon",1,Software Developer
"Beirut, Lebanon",1,Software Developer
"Beirut, Lebanon",1,Software Developer
"Beirut, Lebanon",1,Software Developer
"Beirut, Lebanon",1,Software Developer
"Beirut, Lebanon",1,Software Developer
"Beirut, Lebanon",1,Software Developer
"Beirut, Lebanon",1,Software Developer
"Beirut, Lebanon",1,Software Developer
"Beirut, Lebanon",1,Software Developer
"Beirut, Lebanon",1,Software Developer
"Beirut, Lebanon",1,Software Developer
"Beirut, Lebanon",1,Software Developer
"Beirut, Lebanon",1,Software Developer
"Beirut, Lebanon",1,Software Developer
"Beirut, Lebanon",1,Software Developer
"Beirut, Lebanon",1,Software Developer
"Beirut, Lebanon",1,Software Developer
"Beirut, Lebanon",1,Software Developer
"Beirut, Lebanon",1,Software Developer
"Beirut, Lebanon",1,Software Developer
"Beirut, Lebanon",1,Software Developer
"Beirut, Lebanon",1,Software Developer
"Beirut, Lebanon",1,Software Developer
"Beirut, Lebanon",1,Software Developer
"Beirut, Lebanon",1,Software Developer
"Beirut, Lebanon",1,Software Developer
"Beirut, Lebanon",1,Software Developer
"Beirut, Lebanon",1,Software Developer
"Beirut, Lebanon",1,Software Developer
"Beirut, Lebanon",1,Software Developer
"Beirut, Lebanon",1,Software Developer
"Beirut, Lebanon",1,Software Developer
"Beirut, Lebanon",1,Software Developer
"Beirut, Lebanon",1,Software Developer
"Beirut, Lebanon",1,Software Developer
"Beirut, Lebanon",1,Software Developer
"Beirut, Lebanon",1,Software Developer
"Beirut, Lebanon",1,Software Developer
"Beirut, Lebanon",1,Software Developer
"Beirut, Lebanon",1,Software Developer
"Beirut, Lebanon",1,Software Developer
"Beirut, Lebanon",1,Software Developer
"Beirut, Lebanon",1,Software Developer
"Beirut, Lebanon",1,Software Developer
"Beirut, Lebanon",1,Software Developer
"Beirut, Lebanon",1,Software Developer
"Beirut, Lebanon",1,Software Developer
"Beirut, Lebanon",1,Software Developer
"Beirut, Lebanon",1,Software Developer
"Beirut, Lebanon",1,Software Developer
"Beirut, Lebanon",1,Software Developer
"Beirut, Lebanon",1,Software Developer
"Beirut, Lebanon",1,Software Developer
"Beirut, Lebanon",1,Software Developer
"Beirut, Lebanon",1,Software Developer
"Beirut, Lebanon",1,Software Developer
"Beirut, Lebanon",1,Software Developer
"Beirut, Lebanon",1,Software Developer
"Beirut, Lebanon",1,Software Developer
"Beirut, Lebanon",1,Software Developer
"Beirut, Lebanon",1,Software Developer
"Beirut, Lebanon",1,Software Developer
"Beirut, Lebanon",1,Software Developer
"Beirut, Lebanon",1,Software Developer
"Beirut, Lebanon",1,Software Developer
"Beirut, Lebanon",1,Software Developer
"Beirut, Lebanon",1,Software Developer
"Beirut, Lebanon",1,Software Developer
"Beirut, Lebanon",1,Software Developer
"Beirut, Lebanon",1,Software Developer
"Beirut, Lebanon",1,Software Developer
"Beirut, Lebanon",1,Software Developer
"Beirut, Lebanon",1,Software Developer
"Beirut, Lebanon",1,Software Developer
"Beirut, Lebanon",1,Software Developer
"Beirut, Lebanon",1,Software Developer
"Mount Lebanon, Lebanon",1,Software Developer
"Mount Lebanon, Lebanon",1,Software Developer
"Mount Lebanon, Lebanon",1,Software Developer
"Mount Lebanon, Lebanon",1,Software Developer
"Mount Lebanon, Lebanon",1,Software Developer
"Mount Lebanon, Lebanon",1,Software Developer
"Mount Lebanon, Lebanon",1,Software Developer
"Mount Lebanon, Lebanon",1,Software Developer
"Mount Lebanon, Lebanon",1,Software Developer
"Mount Lebanon, Lebanon",1,Software Developer
"Mount Lebanon, Lebanon",1,Software Developer
"Mount Lebanon, Lebanon",1,Software Developer
"Mount Lebanon, Lebanon",1,Software Developer
"Mount Lebanon, Lebanon",1,Software Developer
"Mount Lebanon, Lebanon",1,Software Developer
"Mount Lebanon, Lebanon",1,Software Developer
"South, Lebanon",1,Software Developer
"South, Lebanon",1,Software Developer
"South, Lebanon",1,Software Developer
"South, Lebanon",1,Software Developer
"South, Lebanon",1,Software Developer
"South, Lebanon",1,Software Developer
"Mount Lebanon, Lebanon",1,Software Developer
"Mount Lebanon, Lebanon",1,Software Developer
"Akkar, Lebanon",1,Software Developer
"North, Lebanon",1,Software Developer
"North, Lebanon",1,Software Developer
"North, Lebanon",1,Software Developer
"North, Lebanon",1,Software Developer
"North, Lebanon",1,Software Developer
"North, Lebanon",1,Software Developer
"North, Lebanon",1,Software Developer
"North, Lebanon",1,Software Developer
"South, Lebanon",1,Software Developer
"South, Lebanon",1,Software Developer
"South, Lebanon",1,Software Developer
"South, Lebanon",1,Software Developer
"South, Lebanon",1,Software Developer
"North, Lebanon",1,Software Developer
"Mount Lebanon, Lebanon",1,Software Developer
"South, Lebanon",1,Teacher
"South, Lebanon",1,Teacher
"Beirut, Lebanon",1,Teacher
"Beirut, Lebanon",1,Teacher
"Beirut, Lebanon",1,Teacher
"Beirut, Lebanon",1,Teacher
"Beirut, Lebanon",1,Teacher
"Beirut, Lebanon",1,Teacher
"Beirut, Lebanon",1,Teacher
"Beirut, Lebanon",1,Teacher
"Beirut, Lebanon",1,Teacher
"Beirut, Lebanon",1,Teacher
"Beirut, Lebanon",1,Teacher
"Beirut, Lebanon",1,Teacher
"Beqaa, Lebanon",1,Teacher
"South, Lebanon",1,Teacher
"South, Lebanon",1,Teacher
"Mount Lebanon, Lebanon",1,Teacher
"Mount Lebanon, Lebanon",1,Teacher
"Mount Lebanon, Lebanon",1,Teacher
"Mount Lebanon, Lebanon",1,Teacher
"Beirut, Lebanon",1,Technician
"Beirut, Lebanon",1,Technician
"Beirut, Lebanon",1,Technician
"Beirut, Lebanon",1,Technician
"Mount Lebanon, Lebanon",1,Technician
"Mount Lebanon, Lebanon",1,Technician
"Mount Lebanon, Lebanon",1,Technician
"Mount Lebanon, Lebanon",1,Technician
"Mount Lebanon, Lebanon",1,Technician
"Beirut, Lebanon",1,Technology Specialist
"Beirut, Lebanon",1,Technology Specialist
"Beirut, Lebanon",1,Technology Specialist
"Beirut, Lebanon",1,Technology Specialist
"Beirut, Lebanon",1,Technology Specialist
"Beirut, Lebanon",1,Technology Specialist
"Beirut, Lebanon",1,Technology Specialist
"North, Lebanon",1,Technology Specialist
"Beirut, Lebanon",1,Therapist
"Beirut, Lebanon",1,Therapist
"South, Lebanon",1,Therapist
"Mount Lebanon, Lebanon",1,Therapist
"Mount Lebanon, Lebanon",1,Therapist
"Beirut, Lebanon",1,Waiter
"Beirut, Lebanon",1,Waiter
"Beirut, Lebanon",1,Waiter
"Beirut, Lebanon",1,Website Content Writer
"Beirut, Lebanon",1,Writer
"Beirut, Lebanon",1,Writer
"Beirut, Lebanon",1,Writer
"Beirut, Lebanon",1,Writer
"Beirut, Lebanon",1,Writer
"Beirut, Lebanon",1,Writer
"Beirut, Lebanon",1,Writer
"Beirut, Lebanon",1,Writer
"Beirut, Lebanon",1,Writer
"Beirut, Lebanon",1,Writer
"Beirut, Lebanon",1,Writer
"Beirut, Lebanon",1,Writer