,Job Title,Company,Location,Date,Month,Count,Category
0,Physics Teacher,Jobs | Careers | Recruitment | Hiring Alerts Worldwide,"South, Lebanon",8/13/21,8,1,Teacher
1,3D Animator,Gboard,"Mount Lebanon, Lebanon",8/20/21,8,1,Animator
2,Copywriter,SabisÂ®,"Mount Lebanon, Lebanon",8/16/21,8,1,Copywriter
3,Assistant,"Gab Liquidations Buy, Sell, Rent Real Estate & Renovation Services.","Mount Lebanon, Lebanon",8/1/21,8,1,Assistant
4,Teacher,International School Of Innovation,"South, Lebanon",8/22/21,8,1,Teacher
5,Pharmacist Assistant,Pharmacy,"Mount Lebanon, Lebanon",8/18/21,8,1,Assistant
6,Pharmacist,Cherfan Pharmacies,"Mount Lebanon, Lebanon",8/5/21,8,1,Pharmacist
7,Digital Marketing Manager,Touch Of Art,"Mount Lebanon, Lebanon",8/9/21,8,1,Marketer
8,It - Business Intelligence Manager,Wooden Bakery,"Mount Lebanon, Lebanon",8/2/21,8,1,Manager
9,Operations Assistant,N N Rent A Car,"Mount Lebanon, Lebanon",8/2/21,8,1,Assistant
10,Graphic Designer,PoÃ¨Me Chocolate,"Mount Lebanon, Lebanon",8/12/21,8,1,Designer
11,Chief Operating Officer,Yaduna Whhc,"Mount Lebanon, Lebanon",8/2/21,8,1,Officer
12,Production Operator,A.B. Poultryco,"Mount Lebanon, Lebanon",8/5/21,8,1,Operator
13,Electrical Design Engineer,Mets Energy Sal,"Mount Lebanon, Lebanon",8/14/21,8,1,Designer
14,Graphic Designer,53Dots_Dar Al Kotob,"Mount Lebanon, Lebanon",8/5/21,8,1,Designer
15,Full-Stack Developer,Inhouse Production Ltd,"Beirut, Lebanon",8/13/21,8,1,Software Developer
16,Net Full Stack Engineer,Microtech Solutions S.A.L.,"Beirut, Lebanon",8/3/21,8,1,Engineer
17,"Human Resources Coordinators - Bekaa, Bml, North, South",Nrc Europe - Norwegian Refugee Council,"Beirut, Lebanon",8/20/21,8,1,Human Resource Specialist
18,Senior Ruby On Rails Developer â Full-Time,Toptal,"Beirut, Lebanon",8/18/21,8,1,Software Developer
19,Accountant,Presentail,"Beirut, Lebanon",8/2/21,8,1,Accountant
20,Acting/Lhif Country Coordinator (Parental Cover) - Beirut,International Rescue Committee,"Beirut, Lebanon",8/23/21,8,1,Coordinator
21,Africa Based - Commercial Manager,Editec,"Beirut, Lebanon",8/23/21,8,1,Manager
22,Android Developer,Quayo Mobility,"Beirut, Lebanon",8/4/21,8,1,Software Developer
23,Angular Developer,Human Capital Management,"Beirut, Lebanon",8/11/21,8,1,Software Developer
24,Arabic Digital Learning Glossary Consultant,"Unesco - United Nations Educational, Scientific And Cultural Organization","Beirut, Lebanon",8/16/21,8,1,Consultant
25,Arabic Writer - Content On Arab Youtubers,Studio Al Fankoosh,"Beirut, Lebanon",8/23/21,8,1,Writer
26,Assistant Manager,Al Maher Trading Est.,"Beirut, Lebanon",8/5/21,8,1,Manager
27,"Azure, D365 Fo/Ce, Data & Analytics, Ai/Ml, Azure Apps Champion",Netways,"Beirut, Lebanon",8/16/21,8,1,Analyst
28,Back End Lead / Staff Software Engineer (Bangkok Based â Relocation Provided),Agoda,"Beirut, Lebanon",8/13/21,8,1,Engineer
29,Back End Team â Engineer (Bangkok Based â Relocation Provided),Agoda,"Beirut, Lebanon",8/11/21,8,1,Engineer
30,Backend Software Developer,Podeo | Ù¨ÙØ¿ØØ,"Beirut, Lebanon",8/17/21,8,1,Software Developer
31,Business Development Support Junior Non-Key Experts (3 Individuals),Dai,"Beirut, Lebanon",8/15/21,8,1,Software Developer
32,Business Partner,Jeunesse Global,"Beirut, Lebanon",8/6/21,8,1,Business Specialist
33,Business Systems Analyst,International Rescue Committee,"Beirut, Lebanon",8/13/21,8,1,Analyst
34,Buying Executive - Car Transactions,Empg,"Beirut, Lebanon",8/17/21,8,1,Sales Person
36,Captain Waiter And Runner,Cafe77,"Beirut, Lebanon",8/17/21,8,1,Waiter
37,Chef,Radisson Hotel Group,"Beirut, Lebanon",8/3/21,8,1,Chef
38,Chef De Partie,Radisson Hotel Group,"Beirut, Lebanon",8/17/21,8,1,Chef
39,Chef De Partie,Radisson Hotel Group,"Beirut, Lebanon",8/3/21,8,1,Chef
41,Clinical Research Associate,Iqvia,"Beirut, Lebanon",8/3/21,8,1,Associate
42,Commercial Planning Manager,Philip Morris International,"Beirut, Lebanon",8/19/21,8,1,Manager
43,Communications Editor Of Tarbiyah 21 Newsletter,"Unesco - United Nations Educational, Scientific And Cultural Organization","Beirut, Lebanon",8/16/21,8,1,Writer
44,Community Manager,Gabriel Bocti S.A.L,"Beirut, Lebanon",8/23/21,8,1,Manager
45,Consulting - Financial Services - Digital Transformation - Manager (Lebanon),Pwc Middle East,"Beirut, Lebanon",8/10/21,8,1,Finance Specialist
46,Consulting - Financial Services - Front Office Transformation- Senior Consultant (Lebanon),Pwc Middle East,"Beirut, Lebanon",8/10/21,8,1,Finance Specialist
47,Consulting - Financial Services - Risk & Regulation - Senior Consultant (Lebanon),Pwc Middle East,"Beirut, Lebanon",8/10/21,8,1,Finance Specialist
48,Copywriter,Logisoft,"Beirut, Lebanon",8/16/21,8,1,Copywriter
49,Customer Service Staff,Agriwa Sal,"Beirut, Lebanon",8/5/21,8,1,Services
50,"Data Devops Engineer (Hadoop Platform) (Bangkok Based, Relocation Provided)",Agoda,"Beirut, Lebanon",8/17/21,8,1,Analyst
51,"Data Engineer â Apache Spark (Java/Scala) (Bangkok Based, Relocation Provided)",Agoda,"Beirut, Lebanon",8/9/21,8,1,Analyst
52,"Data Lead/ Staff Software Engineer (Bangkok Based, Relocation Provided)",Agoda,"Beirut, Lebanon",8/5/21,8,1,Analyst
53,"Data Pipeline Engineer (Bangkok Based, Relocation Provided)",Agoda,"Beirut, Lebanon",8/13/21,8,1,Analyst
54,"Deals, Transaction Services - Financial Due Diligence - Financial Services - Senior Associate - Beirut",Pwc Middle East,"Beirut, Lebanon",8/17/21,8,1,Finance Specialist
55,Demi Chef De Partie,Radisson Hotel Group,"Beirut, Lebanon",8/11/21,8,1,Chef
56,Dermatologist,Cosmedica Clinic Bahrain,"Beirut, Lebanon",8/18/21,8,1,Medical Doctor
57,Digital Marketing Executive,Malik'S Lebanon,"Beirut, Lebanon",8/6/21,8,1,Marketer
58,Digital Marketing Specialist,The Kode,"Beirut, Lebanon",8/4/21,8,1,Marketer
59,Digital Marketing Specialist,Brush Art Co. - Your Space Is Our Canvas,"Beirut, Lebanon",8/9/21,8,1,Marketer
60,Digital Marketing Strategist,Tedmob Sal,"Beirut, Lebanon",8/3/21,8,1,Marketer
61,Digital Media Manager,Generation R Holding,"Beirut, Lebanon",8/19/21,8,1,Manager
62,"Distinguished Engineer, Trilogy (Remote) - $800,000/Year Usd",Crossover For Work,"Beirut, Lebanon",8/23/21,8,1,Engineer
63,E-Commerce Trade Executive,Empg,"Beirut, Lebanon",8/18/21,8,1,Finance Specialist
64,Education Coordinator (Head Of Program) - Beirut,International Rescue Committee,"Beirut, Lebanon",8/19/21,8,1,Teacher
65,Education Coordinator (Head Of Program) - Beirut,International Rescue Committee,"Beirut, Lebanon",8/19/21,8,1,Teacher
66,Enterprise Development Specialist,International Labour Organization,"Beirut, Lebanon",8/18/21,8,1,Software Developer
67,Erc Manager Levant,Novartis,"Beirut, Lebanon",8/6/21,8,1,Manager
68,Estimation Engineer,Alusteel,"Beirut, Lebanon",8/17/21,8,1,Engineer
69,"Finance Manager, Trilogy (Remote) - $100,000/Year Usd",Crossover For Work,"Beirut, Lebanon",8/18/21,8,1,Finance Specialist
70,"Finance Manager, Trilogy (Remote) - $100,000/Year Usd",Crossover For Work,"Beirut, Lebanon",8/23/21,8,1,Finance Specialist
71,"Full Stack Engineer (Data Team) (All Levels) (Bangkok Based, Relocation Provided)",Agoda,"Beirut, Lebanon",8/4/21,8,1,Analyst
72,Full Stack Gis Developer,Modern Geographic Technologies Corp,"Beirut, Lebanon",8/22/21,8,1,Software Developer
73,"Global Support Manager, Trilogy (Remote) - $400,000/Year Usd",Crossover For Work,"Beirut, Lebanon",8/23/21,8,1,Manager
74,Graphic Designer,The Supporters,"Beirut, Lebanon",8/3/21,8,1,Designer
75,Graphic Designer,The Station Media & Production,"Beirut, Lebanon",8/20/21,8,1,Designer
76,Graphic Designer,Yawmiyati.Com,"Beirut, Lebanon",8/3/21,8,1,Designer
77,Graphic Designer,Yawmiyati.Com,"Beirut, Lebanon",8/10/21,8,1,Designer
78,Graphic Designer,Fly-Foot,"Beirut, Lebanon",8/5/21,8,1,Designer
79,Graphic Designer - Beirut,International Rescue Committee,"Beirut, Lebanon",8/18/21,8,1,Designer
80,Growth Marketing Manager - Saudi Arabia,Binance,"Beirut, Lebanon",8/21/21,8,1,Marketer
82,Head Of Finance,Podeo | Ù¨ÙØ¿ØØ,"Beirut, Lebanon",8/17/21,8,1,Finance Specialist
83,"Head Of Finance, Levant",Novartis,"Beirut, Lebanon",8/6/21,8,1,Finance Specialist
84,High School English Teacher,"Beirut Evangelical School ,Rabieh","Beirut, Lebanon",8/5/21,8,1,Teacher
85,Information Technology Specialist,Besancon Beirut,"Beirut, Lebanon",8/2/21,8,1,Technology Specialist
86,Institutional Sales And Account Manager - Mena,Binance,"Beirut, Lebanon",8/21/21,8,1,Sales Person
88,Internal Audit Manager,Future Pipe Industries,"Beirut, Lebanon",8/5/21,8,1,Manager
89,Ip Engineer,Cedarcom - Mobi,"Beirut, Lebanon",8/16/21,8,1,Engineer
90,Junior Graphic Designer,Geexel,"Beirut, Lebanon",8/3/21,8,1,Designer
91,Junior Marketing Specialist Trainee (Remote Position),Brainnest,"Beirut, Lebanon",8/22/21,8,1,Marketer
92,Knowledge Management Specialist (Consultant),"Unesco - United Nations Educational, Scientific And Cultural Organization","Beirut, Lebanon",8/16/21,8,1,Manager
93,"Lead Software Engineer (Finops), Trilogy (Remote) - $400,000/Year Usd",Crossover For Work,"Beirut, Lebanon",8/23/21,8,1,Engineer
94,"Machine Learning Engineer (Bangkok Based, Relocation Provided)",Agoda,"Beirut, Lebanon",8/5/21,8,1,Engineer
95,Maintenance Services Representative,Panasonic Avionics Corporation,"Beirut, Lebanon",8/4/21,8,1,Services
96,Manager - Media,Starcom,"Beirut, Lebanon",8/4/21,8,1,Manager
97,Manager - Media,Publicis Sapient,"Beirut, Lebanon",8/4/21,8,1,Manager
99,Marketing And Business Development Specialist,Starbridge Capital,"Beirut, Lebanon",8/2/21,8,1,Marketer
100,Mental Health & Psychosocial Support (Mhpss) Project Manager,Medair,"Beirut, Lebanon",8/20/21,8,1,Manager
101,Motion Graphic Designer,Sociele,"Beirut, Lebanon",8/16/21,8,1,Designer
102,Operations Executive - E-Commerce,Empg,"Beirut, Lebanon",8/19/21,8,1,Associate
103,Outdoor Sales Agent,Arope Insurance | Lebanon,"Beirut, Lebanon",8/2/21,8,1,Sales Person
104,Pharmacist,Amb Group,"Beirut, Lebanon",8/3/21,8,1,Pharmacist
105,Php Developer,Strive Middle East,"Beirut, Lebanon",8/11/21,8,1,Software Developer
107,"Principal Engineer, Trilogy (Remote) - $800,000/Year Usd",Crossover For Work,"Beirut, Lebanon",8/23/21,8,1,Engineer
109,"Principal Software Engineer (Finops), Trilogy (Remote) - $400,000/Year Usd",Crossover For Work,"Beirut, Lebanon",8/23/21,8,1,Engineer
112,Project & Fundraising Coordinator,Kiron Open Higher Education,"Beirut, Lebanon",8/16/21,8,1,Coordinator
113,Project Manager,Icmpd - International Centre For Migration Policy Development,"Beirut, Lebanon",8/6/21,8,1,Manager
114,Promotion Producer,Aljadeed Tv,"Beirut, Lebanon",8/12/21,8,1,Sales Person
115,Quality Assurance Analyst,Ids Fintech,"Beirut, Lebanon",8/17/21,8,1,Analyst
117,Regional Sales Manager - Levant,Cisco,"Beirut, Lebanon",8/17/21,8,1,Sales Person
118,Restaurant Manager - Pizza Background,Restogroup,"Beirut, Lebanon",8/6/21,8,1,Manager
119,Retail Sales Representative,Tamer Freres Sal,"Beirut, Lebanon",8/5/21,8,1,Sales Person
120,Rooms Manager,Movenpick,"Beirut, Lebanon",8/10/21,8,1,Manager
121,Sales Account Manager,Softstm,"Beirut, Lebanon",8/3/21,8,1,Sales Person
122,Sales And Marketing Specialist,Premium Delivery,"Beirut, Lebanon",8/7/21,8,1,Marketer
123,Sales Assistant,Emakina Asia,"Beirut, Lebanon",8/2/21,8,1,Sales Person
125,Sales Executive,Swiss U Life,"Beirut, Lebanon",8/2/21,8,1,Sales Person
126,Sales Executive,B Groove Public Health,"Beirut, Lebanon",8/13/21,8,1,Sales Person
127,Sales Specialist,Dealers Group Sarl,"Beirut, Lebanon",8/9/21,8,1,Sales Person
128,Sat Tutor,Edubolt,"Beirut, Lebanon",8/4/21,8,1,Teacher
129,Security Manager,Movenpick,"Beirut, Lebanon",8/10/21,8,1,Manager
130,Senior Anti-Corruption Advisor,"Ian, Evan & Alexander Corporation An Everwatch Co.","Beirut, Lebanon",8/20/21,8,1,Advisor
131,Senior Art Director,Vintagecellar App,"Beirut, Lebanon",8/6/21,8,1,Art
132,Senior Associate â Paid Search,Merkle Mena,"Beirut, Lebanon",8/5/21,8,1,Associate
133,"Senior Associate (Remote) - $200,000/Year Usd",Crossover For Work,"Beirut, Lebanon",8/23/21,8,1,Associate
134,"Senior Associate (Remote) - $200,000/Year Usd",Crossover For Work,"Beirut, Lebanon",8/18/21,8,1,Associate
135,Senior Business Analyst - 28907,"Unhcr, The Un Refugee Agency","Beirut, Lebanon",8/11/21,8,1,Analyst
136,"Senior Data Engineer â Apache Spark (Java/Scala) (Bangkok Based, Relocation Provided)",Agoda,"Beirut, Lebanon",8/9/21,8,1,Analyst
137,"Senior Data Pipeline Engineer (Golang) (Bangkok Based, Relocation Provided)",Agoda,"Beirut, Lebanon",8/13/21,8,1,Analyst
138,Senior Executive - Media,Publicis Sapient,"Beirut, Lebanon",8/2/21,8,1,Associate
139,Senior Executive - Media,Starcom,"Beirut, Lebanon",8/2/21,8,1,Associate
141,Senior Full Stack Engineer,Net-Recrute,"Beirut, Lebanon",8/16/21,8,1,Engineer
142,Senior Graphic Designer/Social Media Specialist,B-Group S.A.R.L,"Beirut, Lebanon",8/9/21,8,1,Designer
143,Senior Instructors,Modern Online Education,"Beirut, Lebanon",8/10/21,8,1,Teacher
144,"Senior Machine Learning Engineer â Data Platform Team (Bangkok Based, Relocation Provided)",Agoda,"Beirut, Lebanon",8/5/21,8,1,Analyst
145,"Senior Manager Customer Support, Trilogy (Remote) - $400,000/Year Usd",Crossover For Work,"Beirut, Lebanon",8/23/21,8,1,Manager
146,Senior Operations Assistant / Executive Assistant To Director - G6,International Labour Organization,"Beirut, Lebanon",8/11/21,8,1,Assistant
148,Senior Software Engineer,Washmen,"Beirut, Lebanon",8/6/21,8,1,Engineer
149,"Senior Software Engineer âAI Real-Time Microservices (Bangkok Based, Relocation Provided)",Agoda,"Beirut, Lebanon",8/22/21,8,1,Analyst
150,"Senior Software Engineer, Trilogy (Remote) - $100,000/Year Usd",Crossover For Work,"Beirut, Lebanon",8/18/21,8,1,Engineer
152,Server/Waiter/Waitress,Radisson Hotel Group,"Beirut, Lebanon",8/17/21,8,1,Waiter
153,Social Media Executive,Podeo | Ù¨ÙØ¿ØØ,"Beirut, Lebanon",8/16/21,8,1,Social Media
154,Staff Software Engineer I,Careem,"Beirut, Lebanon",8/7/21,8,1,Engineer
155,"Staff/Senior Front End Engineer â Data Experience Team (Bangkok Based, Relocation Provided)",Agoda,"Beirut, Lebanon",8/4/21,8,1,Analyst
156,Student Support Officer (Lebanese Position),Kiron Open Higher Education,"Beirut, Lebanon",8/11/21,8,1,Officer
157,Supply And Logistics Assistant,Unv Ltd,"Beirut, Lebanon",8/16/21,8,1,Assistant
158,Talent & Employer Branding Executive,Danone,"Beirut, Lebanon",8/19/21,8,1,Associate
159,Tax & Legal Services - Tax - Tax Advisory Services - Associate - Beirut,Pwc Middle East,"Beirut, Lebanon",8/18/21,8,1,Associate
160,Tax & Legal Services - Tax - Tax Advisory Services - Manager - Beirut,Pwc Middle East,"Beirut, Lebanon",8/20/21,8,1,Manager
163,Technical Services Representative,Panasonic Avionics Corporation,"Beirut, Lebanon",8/5/21,8,1,Services
164,Ux/Ui Designer,Podeo | Ù¨ÙØ¿ØØ,"Beirut, Lebanon",8/4/21,8,1,Designer
165,Website Content Writer,Podeo | Ù¨ÙØ¿ØØ,"Beirut, Lebanon",8/4/21,8,1,Website Content Writer
166,Experienced Angular Software Engineer,Rubix - Partner For Digital Business,"Beirut, Lebanon",8/19/21,8,1,Engineer
167,3D Artist,Monty Mobile,"Beirut, Lebanon",8/2/21,8,1,Art
168,3D Designer,Impresario.Live,"Beirut, Lebanon",8/18/21,8,1,Designer
169,3D Outfit Designer,Chriskinterior,"Beirut, Lebanon",8/22/21,8,1,Designer
170,A Senior Developer Php,Broadnet Technologies,"Beirut, Lebanon",8/23/21,8,1,Software Developer
171,A2P Account Coordinator,Monty Mobile,"Beirut, Lebanon",8/5/21,8,1,Accountant
172,Aces To Justice Consultant Beirut,International Rescue Comite,"Beirut, Lebanon",7/26/21,7,1,Consultant
173,Acount Executive,Confidential Company,"Beirut, Lebanon",7/30/21,7,1,Associate
174,Acount Executive Mena,Echobox,"Beirut, Lebanon",6/2/21,6,1,Associate
176,Acounting Analyst,Flyfot,"Beirut, Lebanon",7/6/21,7,1,Analyst
178,Acounting Manager,Fdc Fod Drug Corporation,"Beirut, Lebanon",7/9/21,7,1,Manager
180,Administrative And Financial Cordinator,Aci N Contra El Hambre,"Beirut, Lebanon",7/27/21,7,1,Finance Specialist
181,Administrative And Financial Manager Algeria,Butec,"Beirut, Lebanon",7/30/21,7,1,Finance Specialist
182,Administrative Asistant,United Nations Escap,"Beirut, Lebanon",6/30/21,6,1,Assistant
183,Advertising Operations Asociate,Non,"Beirut, Lebanon",7/8/21,7,1,Advertising Specialist
184,Advertising Operations Associate,Noon,"Beirut, Lebanon",8/5/21,8,1,Associate
185,Advisor Suply Chain Information Systems,International Rescue Comite,"Beirut, Lebanon",6/2/21,6,1,Advisor
186,Ai Jobs -Photo Collection â Global Participants,Transperfect,"Beirut, Lebanon",8/13/21,8,1,Analyst
187,Analyst Developer ,Sopra Banking Software,"Beirut, Lebanon",6/30/21,6,1,Software Developer
188,Android Developer,Econcepts,"Beirut, Lebanon",7/8/21,7,1,Software Developer
189,Android Developer,Monty Mobile,"Beirut, Lebanon",8/17/21,8,1,Software Developer
190,Android Software Enginer,Stelgren Sa,"Beirut, Lebanon",6/21/21,6,1,Engineer
191,Aplication Developer,Red Red Group,"Beirut, Lebanon",7/18/21,7,1,Software Developer
192,Arabic Digital Editor,Warnermedia,"Beirut, Lebanon",8/5/21,8,1,Writer
194,Architectural Specification Writer,Construction & Builders Consultants,"Beirut, Lebanon",8/10/21,8,1,Writer
195,Area Manager Midle East Lebanon Fm,Morgan Philips Group,"Beirut, Lebanon",6/16/21,6,1,Manager
196,Art Director,Kashida,"Beirut, Lebanon",6/14/21,6,1,Art
197,Art Director (In-House),Multiply Group,"Beirut, Lebanon",8/4/21,8,1,Art
198,Artist,Mobenci,"Beirut, Lebanon",7/21/21,7,1,Art
199,Asistant Fashion Designer,Lemonade Fashion,"Beirut, Lebanon",7/30/21,7,1,Designer
200,Asociate,Alem Asociates,"Beirut, Lebanon",6/28/21,6,1,Associate
201,Asociate Transaction Advisory,Wizadvice Advisory,"Beirut, Lebanon",7/12/21,7,1,Advisor
202,Assistant-Vendeur,Francevision,"Beirut, Lebanon",8/10/21,8,1,Assistant
205,Audit & Assurance - Experienced Associate,Deloitte,"Beirut, Lebanon",8/3/21,8,1,Associate
210,Automation Technician,Brasserie Almaza - Heineken Lebanon,"Beirut, Lebanon",8/19/21,8,1,Technician
213,Back End Lead Staf Software Enginer Bangkok Based Relocation Provided,Agoda,"Beirut, Lebanon",7/23/21,7,1,Engineer
214,Back End Team Enginer Bangkok Based Relocation Provided,Agoda,"Beirut, Lebanon",7/21/21,7,1,Engineer
215,Back-End Developer,Cognativex,"Beirut, Lebanon",8/22/21,8,1,Software Developer
216,Backend Software Enginer,Stelgren Sa,"Beirut, Lebanon",6/21/21,6,1,Engineer
217,Beauty Personal Care Category Manager Levant Iraq Name Central,Unilever,"Beirut, Lebanon",7/14/21,7,1,Manager
218,Behavioral Scientist For French Speakers,Nudge Lebanon,"Beirut, Lebanon",7/27/21,7,1,Scientist
219,Bilingual Corporate Senior Associate,Idex Consulting Ltd,"Beirut, Lebanon",8/4/21,8,1,Associate
220,Biztalk Senior Developer,Sucafina,"Beirut, Lebanon",6/17/21,6,1,Software Developer
221,Bootcamp - Field Service Management,Novelus,"Beirut, Lebanon",8/11/21,8,1,Manager
222,Botcamp Software Development,Novelus,"Beirut, Lebanon",7/16/21,7,1,Software Developer
223,Brand Development Specialist,Holdal Abou Adal Group,"Beirut, Lebanon",6/23/21,6,1,Software Developer
224,Brand Manager,Nestl Waters,"Beirut, Lebanon",7/27/21,7,1,Manager
225,Busines Analyst,Horae Group,"Beirut, Lebanon",6/17/21,6,1,Analyst
226,Busines Data Analyst,Maidsc,"Beirut, Lebanon",6/29/21,6,1,Analyst
227,Busines Development Intern,Lions Agency,"Beirut, Lebanon",7/14/21,7,1,Software Developer
228,Busines Development Manager,Otrya Consulting,"Beirut, Lebanon",7/16/21,7,1,Software Developer
229,Busines Development Suport Junior Nonkey Experts  Individuals,Dai,"Beirut, Lebanon",7/24/21,7,1,Software Developer
230,Busines Inteligence Analyst,Murex,"Beirut, Lebanon",7/26/21,7,1,Analyst
231,Busines Partner,Insurance Busines America,"Beirut, Lebanon",6/25/21,6,1,Business Specialist
232,Busines Suport Manager,Holdal Abou Adal Group,"Beirut, Lebanon",7/19/21,7,1,Manager
233,Busines Systems Analyst,International Rescue Comite,"Beirut, Lebanon",7/23/21,7,1,Analyst
234,Busines Unit Head,Boehringer Ingelheim,"Beirut, Lebanon",7/30/21,7,1,Technology Specialist
235,Busines Unit Manager,Strikers,"Beirut, Lebanon",7/28/21,7,1,Manager
236,Business Data Analyst,Maids.Cc,"Beirut, Lebanon",8/23/21,8,1,Analyst
237,Business Development And Customer Relations Officer,Headhunter S.A.R.L,"Beirut, Lebanon",8/4/21,8,1,Software Developer
238,Business Development Executive,Mindflares,"Beirut, Lebanon",8/9/21,8,1,Software Developer
239,Business Development Lead,Siren Associates,"Beirut, Lebanon",8/23/21,8,1,Software Developer
240,Buying Executive Car Transactions,Bayutcom,"Beirut, Lebanon",6/18/21,6,1,Sales Person
241,Cal Center Manager,Crepaway,"Beirut, Lebanon",7/19/21,7,1,Manager
242,Cameraman,Bpro Production,"Beirut, Lebanon",7/21/21,7,1,Photographer
243,Campaign Executive Itp Live,Itp Media Group,"Beirut, Lebanon",6/23/21,6,1,Associate
245,Carpoling Implementation Manager Unops Ica Beirut,Unhcr The Un Refuge Agency,"Beirut, Lebanon",7/21/21,7,1,Manager
247,Cashier,Virus Gaming Center,"Beirut, Lebanon",8/18/21,8,1,Cashier
248,Category Manager,Hicartcom,"Beirut, Lebanon",7/15/21,7,1,Manager
249,Chanel Cloud Advisor Microsoft Azure Program,Bps,"Beirut, Lebanon",7/18/21,7,1,Advisor
250,Chanel Manager Inside Sales,Mindware,"Beirut, Lebanon",7/27/21,7,1,Sales Person
251,Chef,Radison Hotel Group,"Beirut, Lebanon",6/25/21,6,1,Chef
253,Chief People Management Central Hr,United Nations Escap,"Beirut, Lebanon",6/24/21,6,1,Manager
255,Civil Enginer In Kinshasa Democratic Republic Of Congo,Concorde Groupe,"Beirut, Lebanon",7/22/21,7,1,Engineer
257,Clinical Dermatologist,The Career Club,"Beirut, Lebanon",8/23/21,8,1,Medical Doctor
258,Clinical Research Asociate,Phoenix Clinical Research,"Beirut, Lebanon",6/23/21,6,1,Researcher
259,Cloud Infrastructure Enginer,Proximie,"Beirut, Lebanon",7/20/21,7,1,Engineer
260,Coffee Packaging Plant Manager,Khoubourat Hr Program,"Beirut, Lebanon",8/23/21,8,1,Manager
262,Comercial Planing Manager,Philip Moris International,"Beirut, Lebanon",6/9/21,6,1,Manager
263,Communication Specialist,Ahliah School,"Beirut, Lebanon",8/2/21,8,1,Communication Specialist
264,Community Manager,Wetpaint Creative Digital Solutions,"Beirut, Lebanon",8/19/21,8,1,Manager
265,Comunications Asociate Manager,Pepsico,"Beirut, Lebanon",7/16/21,7,1,Manager
267,Comunity Manager Itp Gaming,Itp Media Group,"Beirut, Lebanon",6/27/21,6,1,Manager
269,Consultant & Software Engineer,Aliston,"Beirut, Lebanon",8/4/21,8,1,Consultant
270,Consultant For Top Global Consulting Firm Dubai Ksa,Turas Group,"Beirut, Lebanon",5/29/21,5,1,Consultant
273,Content Manager,Podeo ,"Beirut, Lebanon",5/30/21,5,1,Manager
274,Content Manager (Copywriter),Salt,"Beirut, Lebanon",8/1/21,8,1,Manager
275,Content Manager Regional,Fodics,"Beirut, Lebanon",6/3/21,6,1,Manager
276,Content Writer,Al Makased Philanthropic Islamic Asociation Of Beirut,"Beirut, Lebanon",7/25/21,7,1,Writer
277,Contract Administrator,Fluoroseal,"Beirut, Lebanon",7/27/21,7,1,Administrator
278,Copywriter English,Salt,"Beirut, Lebanon",7/28/21,7,1,Copywriter
279,Corporate Lawyer,Sami Nahas Law Firm,"Beirut, Lebanon",8/2/21,8,1,Lawyer
280,Corporate Responsibility Cr Experienced Manager,Deloite,"Beirut, Lebanon",6/24/21,6,1,Manager
281,Country Director,Plan International,"Beirut, Lebanon",7/7/21,7,1,Cinema
282,Creative Designer,Digitect,"Beirut, Lebanon",8/6/21,8,1,Designer
283,Creative Director,Monty Mobile,"Beirut, Lebanon",6/19/21,6,1,Cinema
284,Creative Marketing Manager & Content Creator,Yeprem,"Beirut, Lebanon",8/16/21,8,1,Marketer
285,Crm Developer,Ipt Powertech Group,"Beirut, Lebanon",7/12/21,7,1,Software Developer
286,Crm Officer,Holdal - Abou Adal Group,"Beirut, Lebanon",8/19/21,8,1,Officer
287,Crm Transformation Manager,Holdal Abou Adal Group,"Beirut, Lebanon",5/16/21,5,1,Manager
288,Customer Activation Executive,Diageo,"Beirut, Lebanon",7/29/21,7,1,Associate
289,Customer Care Agent,Lolia,"Beirut, Lebanon",7/22/21,7,1,Assistant
290,Customer Service Agent,Noknok,"Beirut, Lebanon",8/23/21,8,1,Assistant
291,Customer Service Agent,Elie Saab,"Beirut, Lebanon",8/11/21,8,1,Assistant
292,Customer Service Manager,Zatar W Zeit,"Beirut, Lebanon",7/21/21,7,1,Manager
293,Customer Service Night Shift,Presentail,"Beirut, Lebanon",7/19/21,7,1,Services
294,Customer Service Representative,Maidsc,"Beirut, Lebanon",6/29/21,6,1,Services
295,Customer Service Representative Night Shift,Presentail,"Beirut, Lebanon",5/30/21,5,1,Services
296,Customer Service Representativedispatcher,Presentail,"Beirut, Lebanon",6/6/21,6,1,Services
297,Customer Suces Manager,In,"Beirut, Lebanon",7/26/21,7,1,Manager
299,Customer Suport Executive,Bayutcom,"Beirut, Lebanon",7/15/21,7,1,Associate
301,Dashboard Supervisor,Cafu,"Beirut, Lebanon",8/23/21,8,1,advisor
302,Data Analyst,Pharmamed Sal,"Beirut, Lebanon",7/29/21,7,1,Analyst
303,Data Collection For Arabic Speakers In Lebanon,Apen,"Beirut, Lebanon",7/28/21,7,1,Analyst
304,Data Enginer,Diwama,"Beirut, Lebanon",7/20/21,7,1,Analyst
305,Data Enginer Dubai Or Remote,Coblestone Energy,"Beirut, Lebanon",6/19/21,6,1,Analyst
306,Data Enginer Intern Dubai Or Remote,Coblestone Energy,"Beirut, Lebanon",6/19/21,6,1,Analyst
307,Data Entry Specialist,Podeo ,"Beirut, Lebanon",7/8/21,7,1,Analyst
309,Deals Transaction Services Financial Due Diligence Financial Services Senior Asociate Beirut,Pwc Midle East,"Beirut, Lebanon",7/26/21,7,1,Finance Specialist
310,Delegate Medical Services,International Federation Of Red Cros And Red Crescent Societies Ifrc,"Beirut, Lebanon",7/27/21,7,1,Services
311,Design Architect,Once Wedings,"Beirut, Lebanon",7/30/21,7,1,Designer
312,Developer,Beonit,"Beirut, Lebanon",6/17/21,6,1,Software Developer
313,Devops Enginer,Murex,"Beirut, Lebanon",6/12/21,6,1,Engineer
316,Digital Designer,Kashida,"Beirut, Lebanon",6/10/21,6,1,Designer
317,Digital Designer,M&C Saatchi Mena,"Beirut, Lebanon",8/20/21,8,1,Designer
318,Digital Designer,Kashida,"Beirut, Lebanon",8/6/21,8,1,Designer
319,Digital Designer With A Talent For Motion,Impact Bdo,"Beirut, Lebanon",7/27/21,7,1,Designer
320,Digital Listener / Analysis,Touch Of Art,"Beirut, Lebanon",8/20/21,8,1,Analyst
321,Digital Marketer,Delites,"Beirut, Lebanon",6/17/21,6,1,Marketer
322,Digital Marketing Asociate,Presentail,"Beirut, Lebanon",6/13/21,6,1,Marketer
323,Digital Marketing Executive,Maliks Lebanon,"Beirut, Lebanon",7/7/21,7,1,Marketer
324,Digital Marketing Intern,Moeabdallah.Com,"Beirut, Lebanon",8/4/21,8,1,Marketer
325,Digital Marketing Specialist,Coditech,"Beirut, Lebanon",6/24/21,6,1,Marketer
326,Digital Marketing Specialist,Moustache Group,"Beirut, Lebanon",8/23/21,8,1,Marketer
327,Digital Marketing Specialist,Edari,"Beirut, Lebanon",8/16/21,8,1,Marketer
328,Digital Marketing Specialist,Ahliah School,"Beirut, Lebanon",8/2/21,8,1,Marketer
330,Digital Media Manager,Generation R Holding,"Beirut, Lebanon",7/8/21,7,1,Manager
331,Director Busines Inteligence,Netrecrute,"Beirut, Lebanon",7/22/21,7,1,Cinema
332,Director Of Suport And Operations,Novelus,"Beirut, Lebanon",6/30/21,6,1,Cinema
334,Dubai Based Comercial Manager,Editec,"Beirut, Lebanon",7/19/21,7,1,Manager
335,Dubai Based Executive Operation Manager,Hire Land,"Beirut, Lebanon",7/18/21,7,1,Manager
338,Ecomerce Trade Executive,Stelgren Sa,"Beirut, Lebanon",6/17/21,6,1,Finance Specialist
339,Ecommerce Sales Representative,Holdal - Abou Adal Group,"Beirut, Lebanon",8/13/21,8,1,Sales Person
340,Economic Afairs Oficer Sustainable Development,United Nations Escap,"Beirut, Lebanon",6/30/21,6,1,Software Developer
341,Economic Affairs Officer,United Nations Economic And Social Commission For Western Asia (Escwa),"Beirut, Lebanon",8/23/21,8,1,Officer
342,Economic Analyst (Abu Dhabi Based),Multiply Group,"Beirut, Lebanon",8/10/21,8,1,Analyst
343,Editorial Intern,The Phoenix Daily,"Beirut, Lebanon",7/30/21,7,1,Writer
344,Education Sector Cordinator P Beirut Lebanon Temporary Apointment  Days,Unicef,"Beirut, Lebanon",7/26/21,7,1,Teacher
347,Embeded Systems Enginer,Band Industries Roadie Music,"Beirut, Lebanon",7/26/21,7,1,Engineer
348,Energy Enginer,Grenwise Energy,"Beirut, Lebanon",7/7/21,7,1,Engineer
349,English Copywriter,Leo Burnett,"Beirut, Lebanon",8/17/21,8,1,Copywriter
350,English Editor,United Nations Economic And Social Comision For Western Asia Escwa,"Beirut, Lebanon",7/7/21,7,1,Writer
351,English Teacher For Midle And Uper Schol,Ahliah Schol,"Beirut, Lebanon",7/27/21,7,1,Teacher
354,Erc Manager Levant,Novartis,"Beirut, Lebanon",6/25/21,6,1,Manager
355,Erp Busines Analyst,Murex,"Beirut, Lebanon",6/15/21,6,1,Analyst
356,Erp Busines Analyst Hf,Murex,"Beirut, Lebanon",6/15/21,6,1,Analyst
361,Executive Acountant,Asociated Insurance Consultants,"Beirut, Lebanon",7/26/21,7,1,Associate
362,Executive Administrative Asistant,Beirut In,"Beirut, Lebanon",7/19/21,7,1,Associate
363,Executive Asistant,Aljaded Tv,"Beirut, Lebanon",7/22/21,7,1,Associate
365,Executive Chef,Monty Mobile,"Beirut, Lebanon",8/3/21,8,1,Chef
367,Executive Performance Marketing Sem,Publicis Media,"Beirut, Lebanon",7/8/21,7,1,Marketer
368,Executive Performance Marketing Social,Publicis Media,"Beirut, Lebanon",7/8/21,7,1,Marketer
369,Executive Personal Asistant,Sucednlead,"Beirut, Lebanon",7/12/21,7,1,Associate
370,Executive Planing,Omnicom Media Group,"Beirut, Lebanon",6/17/21,6,1,Associate
371,Executive Planing,Omd Mena,"Beirut, Lebanon",7/27/21,7,1,Associate
372,Executive Secretary,Ghadar Design,"Beirut, Lebanon",7/28/21,7,1,Associate
373,Executive Social Media,Omd Mena,"Beirut, Lebanon",7/27/21,7,1,Social Media
377,Export Asistant,Multimar Trading,"Beirut, Lebanon",7/15/21,7,1,Assistant
378,Fashion Designer,Elias Showroom,"Beirut, Lebanon",8/9/21,8,1,Designer
379,Female English Teacher Midle Schol,Albayader Beirut,"Beirut, Lebanon",7/26/21,7,1,Teacher
380,Field Sales Representative,Al Sultan Fod Stuf Co,"Beirut, Lebanon",7/25/21,7,1,Sales Person
381,Field Service Technician,Unimec International,"Beirut, Lebanon",8/22/21,8,1,Technician
382,Finance Analyst Dubai Uae,Coblestone Energy,"Beirut, Lebanon",6/14/21,6,1,Finance Specialist
383,Finance And Contract Cordinator Eric,International Rescue Comite,"Beirut, Lebanon",7/23/21,7,1,Finance Specialist
384,Finance Asociate,Presentail,"Beirut, Lebanon",6/17/21,6,1,Finance Specialist
385,Finance Asociate Manager Capex Planing Amesa Sector Hq,Pepsico,"Beirut, Lebanon",7/27/21,7,1,Finance Specialist
386,Finance Manager,Deloite,"Beirut, Lebanon",7/14/21,7,1,Finance Specialist
387,Finance Manager Dubai Uae,Coblestone Energy,"Beirut, Lebanon",6/19/21,6,1,Finance Specialist
388,Finance Specialist - System Support,Novelus,"Beirut, Lebanon",8/10/21,8,1,Finance Specialist
389,Finance Supervisor,Radison Hotel Group,"Beirut, Lebanon",7/13/21,7,1,Finance Specialist
390,Financial Acountant,Osud,"Beirut, Lebanon",7/29/21,7,1,Finance Specialist
391,Financial Analyst,Hikma Pharmaceuticals,"Beirut, Lebanon",7/13/21,7,1,Finance Specialist
392,Financial Controler,Borderles Ngo,"Beirut, Lebanon",7/29/21,7,1,Finance Specialist
393,Flet Automation And Carpoling Implementation Manager In Beirut,Unhcr The Un Refuge Agency,"Beirut, Lebanon",7/21/21,7,1,Manager
395,Food Safety Consultant Iso,Boecker,"Beirut, Lebanon",7/26/21,7,1,Consultant
396,Food Safety Supervisor,Litle Mely Baby Fod,"Beirut, Lebanon",6/24/21,6,1,advisor
398,Freelance Animator,Ned Animation - Youtube Channel,"Beirut, Lebanon",8/22/21,8,1,Animator
399,Freelance Graphic Designer,Hexa Media,"Beirut, Lebanon",7/9/21,7,1,Designer
400,Freelance Photographer,Fleystars,"Beirut, Lebanon",7/28/21,7,1,Photographer
401,Freelance Video Editor Animator,Selfemployed Contractor,"Beirut, Lebanon",7/29/21,7,1,Animator
402,Freelance Writer,Executive Magazine,"Beirut, Lebanon",6/25/21,6,1,Writer
403,French Copywriter Freelance,Studio Squals,"Beirut, Lebanon",7/11/21,7,1,Copywriter
404,Front Desk Officer,Eli Lilly And Company,"Beirut, Lebanon",8/17/21,8,1,Officer
406,Front Ofice Supervisor,Radison Hotel Group,"Beirut, Lebanon",6/28/21,6,1,advisor
407,Front Ofice Supervisor,Radison Hotel Group,"Beirut, Lebanon",7/13/21,7,1,advisor
408,Frontend Developer,Arabiagis,"Beirut, Lebanon",8/5/21,8,1,Software Developer
409,Frontend Software Enginer,Stelgren Sa,"Beirut, Lebanon",6/21/21,6,1,Engineer
410,Fulfilment Manager,Next Parcel,"Beirut, Lebanon",7/28/21,7,1,Manager
411,Full Stack Developer,Moscanet Sal Wise,"Beirut, Lebanon",7/6/21,7,1,Software Developer
412,Full Stack Developer,Basma.Com,"Beirut, Lebanon",8/2/21,8,1,Software Developer
413,Full Stack Developer Dubai Or Remote,Coblestone Energy,"Beirut, Lebanon",6/19/21,6,1,Software Developer
414,Full Stack Engineer,Equadis Sa,"Beirut, Lebanon",8/6/21,8,1,Engineer
415,Full Stack Engineer,Drapp_Me,"Beirut, Lebanon",8/17/21,8,1,Engineer
416,Full Stack Engineer,Postlight,"Beirut, Lebanon",8/11/21,8,1,Engineer
417,Full Stack Java Developer,Sword Group,"Beirut, Lebanon",6/22/21,6,1,Software Developer
418,Full Time Beauty Therapist For A High Stret Salon In Lebanon ,Spa Stafcom,"Beirut, Lebanon",6/4/21,6,1,Therapist
420,Full Time Nail Technician For A High Stret Salon In Lebanon ,Spa Stafcom,"Beirut, Lebanon",6/4/21,6,1,Technician
421,Functional Consultant,Murex,"Beirut, Lebanon",5/2/21,5,1,Consultant
422,Galery Asistant,The Lt Galery,"Beirut, Lebanon",7/20/21,7,1,Assistant
424,Go Developer (Golang),Sword Group,"Beirut, Lebanon",8/6/21,8,1,Software Developer
425,Google Analytics Expert Wanted,Securealm Sal Ofshore,"Beirut, Lebanon",7/22/21,7,1,Analyst
426,Graduate Developer,Coblestone Energy,"Beirut, Lebanon",6/8/21,6,1,Software Developer
427,Grants Writer,American University Of Beirut,"Beirut, Lebanon",7/28/21,7,1,Writer
428,Graphic & Digital Marketing Designer,Foody'S International,"Beirut, Lebanon",8/19/21,8,1,Marketer
429,Graphic Design Intern,Pharmaklik,"Beirut, Lebanon",6/21/21,6,1,Designer
430,Graphic Designer,Kashida,"Beirut, Lebanon",6/14/21,6,1,Designer
431,Graphic Designer,Gsm Facility Services,"Beirut, Lebanon",8/15/21,8,1,Designer
432,Graphic Designer,Idml Products Limited,"Beirut, Lebanon",8/19/21,8,1,Designer
433,Graphic Designer,Bureau Veritas Group,"Beirut, Lebanon",8/16/21,8,1,Designer
434,Graphic Designer,Hotelshop,"Beirut, Lebanon",8/4/21,8,1,Designer
435,Graphic Designer,Media Solutions,"Beirut, Lebanon",8/22/21,8,1,Designer
436,Graphic Designer,Impact Bbdo,"Beirut, Lebanon",8/11/21,8,1,Designer
437,Graphic Designer,Socialcrtl,"Beirut, Lebanon",8/2/21,8,1,Designer
438,Graphic Designer,Pbm Real Estate In Lebanon,"Beirut, Lebanon",8/23/21,8,1,Designer
439,Graphic Designer,Lebanese National Bloc - Ù­Ù²Ù¨ Ù§ØØØªÙØ© Ù§ØØØ·ÙØØØ© Ù§ØØØ¨ÙØ§ØØØØ©,"Beirut, Lebanon",8/3/21,8,1,Designer
440,Graphic Designer (Ui/Ux),Everteamgs-Intalio,"Beirut, Lebanon",8/20/21,8,1,Designer
442,Graphic Designer Uiux,Everteamgsintalio,"Beirut, Lebanon",7/29/21,7,1,Designer
443,Group Communication Specialist,Toy Market Group Holding,"Beirut, Lebanon",8/2/21,8,1,Communication Specialist
444,Group Fitness Instructor,1Tribe,"Beirut, Lebanon",8/1/21,8,1,Teacher
445,Group Social Media Senior Oficer,Boecker,"Beirut, Lebanon",7/29/21,7,1,Social Media
446,Group Sustainability Project Manager Gspm,Sucafina,"Beirut, Lebanon",6/29/21,6,1,Manager
447,Growth Marketing Manager Saudi Arabia,Binance,"Beirut, Lebanon",7/30/21,7,1,Marketer
448,Head Chef,Cafe77,"Beirut, Lebanon",8/17/21,8,1,Chef
450,Head Of Finance Levant,Novartis,"Beirut, Lebanon",6/25/21,6,1,Finance Specialist
453,High Schol Mathematics Teacher,The Carer Club,"Beirut, Lebanon",7/29/21,7,1,Teacher
454,Hotel Contracting,Ebokingcenter,"Beirut, Lebanon",7/27/21,7,1,Hospitality
455,Hr Busines Partner Levant South Africa,Danone,"Beirut, Lebanon",7/28/21,7,1,Business Specialist
456,Hr Manager,Podeo ,"Beirut, Lebanon",6/3/21,6,1,Manager
458,Human Resources Administrator,Diadona,"Beirut, Lebanon",7/30/21,7,1,Human Resource Specialist
459,Human Resources Consultant,Phoenix Consulting International,"Beirut, Lebanon",7/28/21,7,1,Consultant
460,Human Resources Generalist,Holdal - Abou Adal Group,"Beirut, Lebanon",8/13/21,8,1,Human Resource Specialist
461,Human Resources Manager,Droguerie De L Union,"Beirut, Lebanon",7/21/21,7,1,Manager
462,Human Resources Manager,Deloitte,"Beirut, Lebanon",8/18/21,8,1,Manager
463,Human Resources Oficer,Presentail,"Beirut, Lebanon",5/31/21,5,1,Human Resource Specialist
464,Human Resources Specialist Hr Specialist,Khoubourat Hr Program,"Beirut, Lebanon",7/15/21,7,1,Human Resource Specialist
465,Icrc Movement Communication Adviser - Near And Middle East (Name),International Committee Of The Red Cross - Icrc,"Beirut, Lebanon",8/9/21,8,1,Communication Specialist
466,Ifs Engagement Comunications Manager Lebanon,Pwc Midle East,"Beirut, Lebanon",6/24/21,6,1,Manager
467,Ifs Finance Firm Tax Asociatesenior Asociate Compliance Audit Lebanon,Pwc Midle East,"Beirut, Lebanon",6/12/21,6,1,Finance Specialist
470,Influencer Management Executive Itp Live,Itp Media Group,"Beirut, Lebanon",6/23/21,6,1,Manager
471,Information & Cyber Security Consultancy Service,Danish Refugee Council / Dansk FlygtningehjÃ¦Lp,"Beirut, Lebanon",8/11/21,8,1,Services
472,Information Technology Oficer,Kalasi Group,"Beirut, Lebanon",7/14/21,7,1,Technology Specialist
473,Information Technology Project Manager,Netrecrute,"Beirut, Lebanon",7/27/21,7,1,Manager
474,Information Technology Support Specialist,Broadnet Technologies,"Beirut, Lebanon",8/23/21,8,1,Technology Specialist
475,Information Technology Technician,Creasoft Lebanon,"Beirut, Lebanon",7/31/21,7,1,Technician
476,Institutional Sales And Acount Manager Mena,Binance,"Beirut, Lebanon",7/30/21,7,1,Sales Person
477,Insurance Advisor Agent,Alianz Sna,"Beirut, Lebanon",7/8/21,7,1,Assistant
478,Insurance Agent,Lions Agency,"Beirut, Lebanon",7/13/21,7,1,Assistant
480,Interior Designer,Interial Home Design,"Beirut, Lebanon",7/31/21,7,1,Designer
481,Intermediate Android Developer,Eddress,"Beirut, Lebanon",8/13/21,8,1,Software Developer
482,Intermediate Qa Engineer,Eddress,"Beirut, Lebanon",8/13/21,8,1,Engineer
483,Internal Auditor,Monty Mobile,"Beirut, Lebanon",8/13/21,8,1,Accountant
484,Internship As A Pastry Chef,Radison Hotel Group,"Beirut, Lebanon",6/18/21,6,1,Chef
486,Investment Analyst,Capb,"Beirut, Lebanon",7/13/21,7,1,Analyst
487,Ios Developer,Mobile Arts,"Beirut, Lebanon",8/23/21,8,1,Software Developer
488,Ios Developer,Monty Mobile,"Beirut, Lebanon",8/12/21,8,1,Software Developer
489,Ios Developer,Smartcode Internet Solutions,"Beirut, Lebanon",8/8/21,8,1,Software Developer
490,Ip Enginer,Cedarcom Mobi,"Beirut, Lebanon",7/16/21,7,1,Engineer
491,Islamic Banking Flexcube Consultant,Jmr Infotech,"Beirut, Lebanon",8/10/21,8,1,Consultant
492,It Analyst,Python,"Beirut, Lebanon",6/28/21,6,1,Analyst
494,It Project Manager,Netrecrute,"Beirut, Lebanon",7/26/21,7,1,Manager
496,Java Full Stack Engineer,Cme,"Beirut, Lebanon",8/3/21,8,1,Engineer
497,Java Software Developer,Netrecrute,"Beirut, Lebanon",7/22/21,7,1,Software Developer
498,Java Software Engineer,Capital Banking Solutions,"Beirut, Lebanon",8/17/21,8,1,Engineer
499,Java Software Engineer,Best Assistance Lebanon,"Beirut, Lebanon",8/10/21,8,1,Engineer
500,Java Software Enginer,Capital Banking Solutions,"Beirut, Lebanon",7/15/21,7,1,Engineer
502,Junior Animator,Ethos Interactive,"Beirut, Lebanon",7/8/21,7,1,Animator
503,Junior Arabic Copywriter,Db,"Beirut, Lebanon",6/25/21,6,1,Copywriter
504,Junior Art Director,Clap Clap,"Beirut, Lebanon",8/17/21,8,1,Art
505,Junior Busines Analyst,Itineris People Management Consulting,"Beirut, Lebanon",7/15/21,7,1,Analyst
506,Junior Busines Developer,Aura Comodities,"Beirut, Lebanon",6/22/21,6,1,Software Developer
507,Junior Chef,Radison Hotel Group,"Beirut, Lebanon",7/16/21,7,1,Chef
508,Junior Developer Remote,Coblestone Energy,"Beirut, Lebanon",6/8/21,6,1,Software Developer
509,Junior English Copywriter,Db,"Beirut, Lebanon",6/25/21,6,1,Copywriter
510,Junior Full Stack Web Development Instructor,Se Factory,"Beirut, Lebanon",7/26/21,7,1,Software Developer
511,Junior Graphic Designer,Geexel,"Beirut, Lebanon",8/5/21,8,1,Designer
512,Junior Investment Analyst,Monty Mobile,"Beirut, Lebanon",8/16/21,8,1,Analyst
515,Junior Software Developer,Cs Providers,"Beirut, Lebanon",7/28/21,7,1,Software Developer
516,Junior Software Developer Mf,Equadis Sa,"Beirut, Lebanon",7/16/21,7,1,Software Developer
517,Junior Software Developer Microservices,Novelus,"Beirut, Lebanon",6/29/21,6,1,Software Developer
518,Junior Support Officer,Sucafina,"Beirut, Lebanon",8/18/21,8,1,Officer
520,Kitchen Chef,Crepaway,"Beirut, Lebanon",7/19/21,7,1,Chef
523,Labor Economist,International Labour Organization,"Beirut, Lebanon",6/24/21,6,1,Economist
524,Lead Analystproject Manager Lebanon Crisis Analytics Hub Beirut Lebanon,Mercy Corps,"Beirut, Lebanon",7/30/21,7,1,Analyst
525,Lebanon Resource Center (Lrc) - Audit & Assurance | Senior,Deloitte,"Beirut, Lebanon",8/3/21,8,1,Technology Specialist
526,Lebanon Resource Center Lrc Audit Asurance Senior,Deloite,"Beirut, Lebanon",6/14/21,6,1,Technology Specialist
531,Maison Brand Manager,Elie Sab,"Beirut, Lebanon",7/14/21,7,1,Manager
532,Males Sales Executive,Lunar Media Group,"Beirut, Lebanon",6/15/21,6,1,Sales Person
533,Managed Security Services Oficerenginer L,Exeo,"Beirut, Lebanon",7/28/21,7,1,Manager
534,Managed Services Oficer L Mw,Exeo,"Beirut, Lebanon",6/3/21,6,1,Manager
535,Manager,Abeile Dor,"Beirut, Lebanon",7/22/21,7,1,Manager
536,Manager ,Shabab Lab,"Beirut, Lebanon",8/23/21,8,1,Manager
537,Manager Planing,Omnicom Media Group,"Beirut, Lebanon",6/28/21,6,1,Manager
538,Manager Total Rewards,Deloitte,"Beirut, Lebanon",8/18/21,8,1,Manager
539,Market Research Analyst,Al Wadi Al Akhdar,"Beirut, Lebanon",8/11/21,8,1,Marketer
540,Market Research Project Manager,Infopro Sal,"Beirut, Lebanon",6/7/21,6,1,Marketer
541,Marketing Asistant,Maison Mirath,"Beirut, Lebanon",7/7/21,7,1,Marketer
542,Marketing Asociate,Presentail,"Beirut, Lebanon",7/8/21,7,1,Marketer
543,Marketing Comunications Manager,Podeo ,"Beirut, Lebanon",6/7/21,6,1,Marketer
544,Marketing Executive,Stelgren Sa,"Beirut, Lebanon",7/14/21,7,1,Marketer
545,Marketing Executive,Rymco,"Beirut, Lebanon",8/9/21,8,1,Marketer
546,Marketing Intern,Pometo Snacks,"Beirut, Lebanon",7/28/21,7,1,Marketer
547,Marketing Manager,Funding Souq | ÙØØ¿ØØØ Ù³ÙØ,"Beirut, Lebanon",8/23/21,8,1,Marketer
548,Marketing Manager,The Lebanese Bakery,"Beirut, Lebanon",8/12/21,8,1,Marketer
549,Marketing Specialist,Idp Ielts Lebanon,"Beirut, Lebanon",7/12/21,7,1,Marketer
550,Marketing Specialist,Cedar White Bradley (Cwb),"Beirut, Lebanon",8/19/21,8,1,Marketer
551,Medical Sales Representative,Catafago & Co.,"Beirut, Lebanon",8/23/21,8,1,Sales Person
552,Medical Sales Representative,Droguerie Phenicia,"Beirut, Lebanon",8/17/21,8,1,Sales Person
554,Medicalaesthetics Sales Specialist,Medisurge,"Beirut, Lebanon",7/15/21,7,1,Sales Person
556,Microsoft Dynamics  Developer,Dar,"Beirut, Lebanon",7/28/21,7,1,Software Developer
557,Microsoft Dynamics Consultant,Integrated Digital Systems Ids,"Beirut, Lebanon",7/2/21,7,1,Consultant
558,Midsenior Java Developer,Edres,"Beirut, Lebanon",7/9/21,7,1,Software Developer
560,Mobile Developer,Capital Banking Solutions,"Beirut, Lebanon",8/6/21,8,1,Software Developer
561,Mobile Developer (Flutter),Twig Finance,"Beirut, Lebanon",8/12/21,8,1,Software Developer
562,Mobile Developer (Freelancer),Achour Holding,"Beirut, Lebanon",8/20/21,8,1,Software Developer
563,Monitoring And Reporting Manager Mrm,Sucafina,"Beirut, Lebanon",6/29/21,6,1,Manager
564,Motion Graphic Designer,Impact Bdo,"Beirut, Lebanon",7/26/21,7,1,Designer
565,Motion Graphic Designer,Yeprem,"Beirut, Lebanon",8/12/21,8,1,Designer
566,Motion Graphic Designers,District General Trading And Contracting Company,"Beirut, Lebanon",8/18/21,8,1,Designer
567,Multimedia Designer,Leo Burnet,"Beirut, Lebanon",7/7/21,7,1,Designer
568,Net And Sql Server Developer,Sucafina,"Beirut, Lebanon",6/29/21,6,1,Software Developer
569,Ofice Cashier,Holdal Abou Adal Group,"Beirut, Lebanon",7/13/21,7,1,Cashier
570,Operational Consultant,Sns,"Beirut, Lebanon",7/30/21,7,1,Consultant
572,Operations Asociate,Presentail,"Beirut, Lebanon",6/15/21,6,1,Associate
574,Operations Executive Ecomerce,Stelgren Sa,"Beirut, Lebanon",6/16/21,6,1,Associate
575,Operations Manager,Patchi,"Beirut, Lebanon",7/12/21,7,1,Manager
576,Operations Manager,Patchi,"Beirut, Lebanon",8/19/21,8,1,Manager
577,Oracle Applications Sales Representative (Cx Territory),Oracle,"Beirut, Lebanon",8/10/21,8,1,Sales Person
578,Outdoor Sales,Arope Insurance Lebanon,"Beirut, Lebanon",6/23/21,6,1,Sales Person
579,Outdor Sales Representative Real Estate,Beirut Living,"Beirut, Lebanon",7/31/21,7,1,Sales Person
580,Outside Sales Representative,Shanshal Chocolate,"Beirut, Lebanon",7/5/21,7,1,Sales Person
581,Paid Marketing Manager,Wick,"Beirut, Lebanon",5/24/21,5,1,Marketer
582,Part Time Full Stack Engineer,Massyve.Tech,"Beirut, Lebanon",8/5/21,8,1,Engineer
583,Partnership Finance Asistant Beirut,International Rescue Comite,"Beirut, Lebanon",7/26/21,7,1,Finance Specialist
584,Partnership Finance Manager Beirut,International Rescue Comite,"Beirut, Lebanon",7/26/21,7,1,Finance Specialist
585,Performance Manager,Mindshare,"Beirut, Lebanon",8/2/21,8,1,Manager
586,Personal Executive Asistant,Thera Nutri,"Beirut, Lebanon",7/26/21,7,1,Associate
587,Pilates Instructor,Pilates  Everyone,"Beirut, Lebanon",7/28/21,7,1,Teacher
588,Planing Enginer,Cat Group,"Beirut, Lebanon",7/19/21,7,1,Engineer
589,Plant Manager,Man Enterprise,"Beirut, Lebanon",6/28/21,6,1,Manager
591,Presales Enginer,Arabot,"Beirut, Lebanon",7/25/21,7,1,Engineer
593,Principal Busines Solutions Consultant,Temenos,"Beirut, Lebanon",7/19/21,7,1,Consultant
595,Procurement Enginer,Gasmat Group,"Beirut, Lebanon",7/29/21,7,1,Engineer
596,Procurement Manager,Monty Mobile,"Beirut, Lebanon",8/10/21,8,1,Manager
597,Product Manager,Malia Group,"Beirut, Lebanon",7/14/21,7,1,Manager
598,Product Manager The Temenos Banking Cloud Midle East Africa,Temenos,"Beirut, Lebanon",7/11/21,7,1,Manager
599,Product Marketing Manager,Ardeco,"Beirut, Lebanon",7/29/21,7,1,Marketer
601,Production And Bim Manager,Butec,"Beirut, Lebanon",8/3/21,8,1,Manager
603,Production Supervisor,Pawpots,"Beirut, Lebanon",8/23/21,8,1,advisor
604,Program Asociate Marketing And Administration,Amideastlebanon,"Beirut, Lebanon",6/29/21,6,1,Marketer
605,Programe Asistant,International Labour Organization,"Beirut, Lebanon",7/27/21,7,1,Assistant
606,Programe Management Oficer Ecomerce,United Nations Escap,"Beirut, Lebanon",6/23/21,6,1,Manager
608,Project And Research Oficer,Datapop Aliance,"Beirut, Lebanon",7/30/21,7,1,Researcher
609,Project Asistant,Icmpd International Centre For Migration Policy Development,"Beirut, Lebanon",7/28/21,7,1,Assistant
612,Project Enginer,Grenwise Energy,"Beirut, Lebanon",7/7/21,7,1,Engineer
613,Project Pre-Sales Engineer,Hikvision Mena,"Beirut, Lebanon",8/15/21,8,1,Sales Person
615,Python Backend Developer Dubai Uae,Coblestone Energy,"Beirut, Lebanon",6/8/21,6,1,Software Developer
616,Quality Assurance Engineer,Drapp_Me,"Beirut, Lebanon",8/9/21,8,1,Engineer
617,Quality Assurance Engineer,Everteamgs-Intalio,"Beirut, Lebanon",8/3/21,8,1,Engineer
618,Quality Asurance Analyst,Ids Fintech,"Beirut, Lebanon",7/26/21,7,1,Analyst
619,Quality Asurance Automation Enginer,Novelus,"Beirut, Lebanon",7/8/21,7,1,Engineer
620,Quality Asurance Executive,Ant Ventures Worldwide,"Beirut, Lebanon",7/12/21,7,1,Associate
621,Quality Asurance Software Enginer,Stelgren Sa,"Beirut, Lebanon",6/21/21,6,1,Engineer
623,Rd Software Enginer,Bayanat Services,"Beirut, Lebanon",7/9/21,7,1,Engineer
624,React Native Developer,Zerone,"Beirut, Lebanon",7/13/21,7,1,Software Developer
625,React Native Developer,White Stork,"Beirut, Lebanon",8/17/21,8,1,Software Developer
626,React Native Developer,Webased,"Beirut, Lebanon",8/2/21,8,1,Software Developer
627,React Web Developer,Algotraders,"Beirut, Lebanon",7/27/21,7,1,Software Developer
628,Readvertised Legal Review Consultant Lebanese Nationality Only Beirut,Un Women,"Beirut, Lebanon",7/30/21,7,1,Consultant
629,Real Estate Agent,Jsk Real Estate,"Beirut, Lebanon",8/19/21,8,1,Assistant
632,Regional Cordinator For Human Resources,International Labour Organization,"Beirut, Lebanon",6/24/21,6,1,Human Resource Specialist
635,Regulatory Assistant - Mea,Eli Lilly And Company,"Beirut, Lebanon",8/10/21,8,1,Assistant
636,Relationship Manager,The Primes,"Beirut, Lebanon",7/14/21,7,1,Manager
637,Release Maintenance Consultant,Murex,"Beirut, Lebanon",6/18/21,6,1,Consultant
639,Research Programe Cordinator Education Research In Conflict And Protracted Crisis Eric,International Rescue Comite,"Beirut, Lebanon",7/23/21,7,1,Researcher
640,Reservations Ticketing Agent,Eid Travel,"Beirut, Lebanon",7/28/21,7,1,Assistant
641,Restaurant And Flower Shop Manager,La M Nagerie,"Beirut, Lebanon",7/31/21,7,1,Manager
642,Restaurant Manager,Bartartine,"Beirut, Lebanon",7/21/21,7,1,Manager
643,Retail And Ecomerce Manager Asistant,Ajialouna Organization,"Beirut, Lebanon",7/24/21,7,1,Manager
644,Rom Service Waiter,Radison Hotel Group,"Beirut, Lebanon",6/25/21,6,1,Waiter
645,Sales Acount Manager,Ecomz,"Beirut, Lebanon",7/15/21,7,1,Sales Person
648,Sales Analyst,Holdal - Abou Adal Group,"Beirut, Lebanon",8/17/21,8,1,Sales Person
649,Sales And Marketing Associate,"Promoteam, Organisers Of Specialty Exhibitions Since 1991","Beirut, Lebanon",8/4/21,8,1,Marketer
650,Sales And Marketing Specialist,Gcl Global Cargo Line,"Beirut, Lebanon",7/25/21,7,1,Marketer
651,Sales Asistant Verdun,Luxury Selections,"Beirut, Lebanon",7/14/21,7,1,Sales Person
652,Sales Asociate For A Fashion Retail Company,Hinawi International Group,"Beirut, Lebanon",7/13/21,7,1,Sales Person
653,Sales Associate,Toumajean Couture,"Beirut, Lebanon",8/23/21,8,1,Sales Person
656,Sales Consultant,Insurance,"Beirut, Lebanon",8/6/21,8,1,Sales Person
657,Sales Consultant,Metlife Lebanon,"Beirut, Lebanon",8/6/21,8,1,Sales Person
658,Sales Development Demand Planing Manager,Braserie Almaza Heineken Lebanon,"Beirut, Lebanon",7/28/21,7,1,Sales Person
659,Sales Engineer,Mashriq Energy,"Beirut, Lebanon",8/10/21,8,1,Sales Person
660,Sales Executive,Oxshare,"Beirut, Lebanon",7/14/21,7,1,Sales Person
662,Sales Executive,Transmed,"Beirut, Lebanon",8/18/21,8,1,Sales Person
664,Sales Executive,Dental Labs & Clinics,"Beirut, Lebanon",8/5/21,8,1,Sales Person
665,Sales Executive French Literate,Apliman,"Beirut, Lebanon",7/22/21,7,1,Sales Person
666,Sales Lead,Antwork,"Beirut, Lebanon",7/9/21,7,1,Sales Person
667,Sales Lead Generator,Cafu,"Beirut, Lebanon",6/30/21,6,1,Sales Person
668,Sales Logistics Specialist,Mena Medical Development,"Beirut, Lebanon",7/12/21,7,1,Sales Person
670,Sales Operations Executive,Podeo ,"Beirut, Lebanon",7/6/21,7,1,Sales Person
671,Sales Person,Tapis Mahmoud Kabalan,"Beirut, Lebanon",8/5/21,8,1,Sales Person
672,Sales Representative,Elite Solutions,"Beirut, Lebanon",6/15/21,6,1,Sales Person
673,Sales Representative,Medicals International,"Beirut, Lebanon",8/6/21,8,1,Sales Person
674,Sales Representativemanagers,The Insurance Experts,"Beirut, Lebanon",7/31/21,7,1,Sales Person
675,Sales Specialist,Stelgren Sa,"Beirut, Lebanon",6/22/21,6,1,Sales Person
676,Sales Specialist,Aliston,"Beirut, Lebanon",8/10/21,8,1,Sales Person
678,Salesman,Est Talat Aleik,"Beirut, Lebanon",7/16/21,7,1,Sales Person
680,Salesperson,Nutribost,"Beirut, Lebanon",7/20/21,7,1,Sales Person
681,Salesperson,Beauty Products,"Beirut, Lebanon",8/16/21,8,1,Sales Person
682,Salesperson,Ghalico Group Sarl,"Beirut, Lebanon",8/2/21,8,1,Sales Person
683,Sap Abap Consultant,Sucafina,"Beirut, Lebanon",6/4/21,6,1,Consultant
684,Sap Functional Consultant,Sword Group,"Beirut, Lebanon",7/27/21,7,1,Consultant
686,Sap Success Factor Consultant,Inflexion Tech,"Beirut, Lebanon",8/2/21,8,1,Consultant
687,Sap Sucesfactors Consultant,Arow Consulting,"Beirut, Lebanon",7/16/21,7,1,Consultant
688,Sc Sr Manager Productivity Ls Amesa,Pepsico,"Beirut, Lebanon",7/27/21,7,1,Manager
689,Scoping Engineer,Novelus,"Beirut, Lebanon",8/5/21,8,1,Engineer
690,Script Writer,Karmic Consultancy Dmc,"Beirut, Lebanon",7/13/21,7,1,Writer
691,Script Writer,Karmic Consultancy Dmcc,"Beirut, Lebanon",8/12/21,8,1,Writer
692,Search Engine Optimization Specialist,Tecomsa Sal,"Beirut, Lebanon",8/18/21,8,1,Engineer
693,Sector Consumer Insights Manager Beverages Amesa Sector Hq,Pepsico,"Beirut, Lebanon",7/27/21,7,1,Manager
694,Security Consultant,Crystal Networks,"Beirut, Lebanon",8/11/21,8,1,Consultant
695,Security Operations Center Analyst,Shelt Global Ltd,"Beirut, Lebanon",7/22/21,7,1,Analyst
696,Senior .Net Developer (Erp),Integrated Digital Systems (Ids),"Beirut, Lebanon",8/13/21,8,1,Software Developer
697,Senior Accountant,Confidential.,"Beirut, Lebanon",8/17/21,8,1,Accountant
698,Senior Acount Manager,Notaclinic Branding Agency,"Beirut, Lebanon",7/12/21,7,1,Manager
701,Senior Angular Developer / Team Lead,Ecomz,"Beirut, Lebanon",8/9/21,8,1,Software Developer
702,Senior Art Director,Communication Design Sal,"Beirut, Lebanon",8/6/21,8,1,Art
703,Senior Associate,Deloitte,"Beirut, Lebanon",8/3/21,8,1,Associate
704,Senior Associate - Tax & Accounting,Grant Thornton Lebanon,"Beirut, Lebanon",8/5/21,8,1,Accountant
705,Senior Brand Manager,Nestle Waters Lebanon,"Beirut, Lebanon",7/29/21,7,1,Manager
706,Senior Busines Developer North Africa,Butec,"Beirut, Lebanon",7/9/21,7,1,Software Developer
707,Senior Business Plan Writer & Market Research Analyst,Safico Holding,"Beirut, Lebanon",8/13/21,8,1,Marketer
708,Senior Comunications Executive,The Creative ,"Beirut, Lebanon",7/19/21,7,1,Associate
709,Senior Contract Engineer,Dar,"Beirut, Lebanon",8/16/21,8,1,Engineer
710,Senior D Designer,Mindspace ,"Beirut, Lebanon",7/13/21,7,1,Designer
711,Senior Data Analyst,Monty Mobile,"Beirut, Lebanon",8/2/21,8,1,Analyst
712,Senior Developer,Claims Expres,"Beirut, Lebanon",7/13/21,7,1,Software Developer
713,Senior Digital Designer,Wondereight,"Beirut, Lebanon",7/22/21,7,1,Designer
714,Senior Digital Marketing Specialist,The Lebanese Center For Energy Conservation Lcec,"Beirut, Lebanon",7/30/21,7,1,Marketer
715,Senior Dotnet Developer,Netrecrute,"Beirut, Lebanon",7/30/21,7,1,Software Developer
716,Senior Dynamics 365 Business Central Developer,Dynamaze Ca,"Beirut, Lebanon",8/10/21,8,1,Software Developer
717,Senior Electrical Enginer,Arina Energy Sal,"Beirut, Lebanon",7/28/21,7,1,Engineer
718,Senior Energy Engineer,Ipt Powertech Group,"Beirut, Lebanon",8/11/21,8,1,Engineer
720,Senior Executive Programatic,Publicis Media,"Beirut, Lebanon",7/9/21,7,1,Associate
722,Senior Frontend Developer,Kemya,"Beirut, Lebanon",7/13/21,7,1,Software Developer
723,Senior Frontend Software Enginer,Ecomz,"Beirut, Lebanon",7/24/21,7,1,Engineer
725,Senior Graphic Designer,Ethos Interactive,"Beirut, Lebanon",7/2/21,7,1,Designer
726,Senior Graphic Designer,Aljesr.Org,"Beirut, Lebanon",8/5/21,8,1,Designer
727,Senior Human Resources Oficer,Mtv Lebanon,"Beirut, Lebanon",7/30/21,7,1,Human Resource Specialist
728,Senior Information Technology Enginer,Domtech,"Beirut, Lebanon",7/22/21,7,1,Technology Specialist
729,Senior Instructor,Moe,"Beirut, Lebanon",8/10/21,8,1,Teacher
730,Senior Insurance Advisor,Fidelity Insurance,"Beirut, Lebanon",6/19/21,6,1,Advisor
731,Senior Insurance Advisor,Fidelity Insurance,"Beirut, Lebanon",8/22/21,8,1,Advisor
732,Senior Insurance Officer,C.A.T. Group,"Beirut, Lebanon",8/18/21,8,1,Officer
734,Senior Investment Analyst,Bridge Capital Holding,"Beirut, Lebanon",7/30/21,7,1,Analyst
736,Senior Java Developer,Areeba,"Beirut, Lebanon",8/12/21,8,1,Software Developer
737,Senior Java Javae Developer,Everteamgsintalio,"Beirut, Lebanon",7/27/21,7,1,Software Developer
738,Senior Java Javaee Developer,Everteamgs-Intalio,"Beirut, Lebanon",8/16/21,8,1,Software Developer
739,Senior Java Software Engineer,Capital Banking Solutions,"Beirut, Lebanon",8/23/21,8,1,Engineer
740,Senior Java Software Enginer,Capital Banking Solutions,"Beirut, Lebanon",6/21/21,6,1,Engineer
741,Senior Manager At Toptier Global Strategy Consulting Firm,Turas Group,"Beirut, Lebanon",5/29/21,5,1,Manager
742,Senior Mechanical Design Enginer,Tetco Group,"Beirut, Lebanon",7/22/21,7,1,Designer
743,Senior Mechanical Engineer,C.A.T. Group,"Beirut, Lebanon",8/11/21,8,1,Engineer
744,Senior Network Security Enginer,Bmb,"Beirut, Lebanon",7/23/21,7,1,Engineer
745,Senior Php Developer Wanted!,Securealm S.A.L. Offshore.,"Beirut, Lebanon",8/11/21,8,1,Software Developer
746,Senior Power Bi Consultant,Hr Champ,"Beirut, Lebanon",8/16/21,8,1,Consultant
747,Senior Project Manager Monitoring And Evaluation Technology Me,International Rescue Comite,"Beirut, Lebanon",6/16/21,6,1,Manager
748,"Senior Public Health Officer, P4, Beirut","Unhcr, The Un Refugee Agency","Beirut, Lebanon",8/16/21,8,1,Officer
750,Senior Software Developer,Eitechnologies Mena,"Beirut, Lebanon",7/8/21,7,1,Software Developer
751,Senior Software Developer Erp,Integrated Digital Systems Ids,"Beirut, Lebanon",7/13/21,7,1,Software Developer
752,Senior Software Engineer,Ethan Group,"Beirut, Lebanon",8/7/21,8,1,Engineer
753,Senior Software Enginer,Hbtech,"Beirut, Lebanon",7/9/21,7,1,Engineer
755,Senior System Analyst,Cedar White Bradley Cwb,"Beirut, Lebanon",7/30/21,7,1,Analyst
757,Senior Web Application Developer,Qualizone,"Beirut, Lebanon",8/13/21,8,1,Software Developer
758,Senior Web Developer,Capital Banking Solutions,"Beirut, Lebanon",8/6/21,8,1,Software Developer
759,Seosem Asociate,Presentail,"Beirut, Lebanon",6/2/21,6,1,Associate
762,Shop Manager,Moustache Group,"Beirut, Lebanon",7/22/21,7,1,Manager
763,Shop Manager For A Fashion Retail Company,Hinawi International Group,"Beirut, Lebanon",7/27/21,7,1,Manager
764,Site Engineer/Rf Field Service Manager,Novelus,"Beirut, Lebanon",8/5/21,8,1,Manager
765,Social Media Acounts Executive,The Go Project,"Beirut, Lebanon",7/22/21,7,1,Social Media
766,Social Media Busines Strategist,Fresh Pharma Trading,"Beirut, Lebanon",7/20/21,7,1,Social Media
767,Social Media Coordinator,Absolutely Digital,"Beirut, Lebanon",8/18/21,8,1,Social Media
768,Social Media Coordinator,Holdal - Abou Adal Group,"Beirut, Lebanon",8/13/21,8,1,Social Media
769,Social Media Cordinator,Algoru,"Beirut, Lebanon",6/18/21,6,1,Social Media
770,Social Media Executive,Anghami,"Beirut, Lebanon",8/23/21,8,1,Social Media
771,Social Media Manager,Monty Mobile,"Beirut, Lebanon",6/21/21,6,1,Social Media
772,Social Media Manager,Jmedia Production,"Beirut, Lebanon",8/8/21,8,1,Social Media
773,Social Media Manager (In-House),Multiply Group,"Beirut, Lebanon",8/5/21,8,1,Social Media
774,Social Media Manager Content Creator,Horouf Fashion,"Beirut, Lebanon",6/29/21,6,1,Social Media
775,Social Media Marketing Intern,Nitchd,"Beirut, Lebanon",7/24/21,7,1,Marketer
776,Social Media Marketing Manager,Adcreators Mena,"Beirut, Lebanon",7/19/21,7,1,Marketer
778,Social Media Marketing Specialist,Modern University For Business And Science,"Beirut, Lebanon",8/23/21,8,1,Marketer
779,Social Media Specialist,Said Kobeisy Fashion House,"Beirut, Lebanon",6/28/21,6,1,Social Media
780,Social Media Specialist â Customer Engagement,A.N.Boukather Holding,"Beirut, Lebanon",8/18/21,8,1,Social Media
783,Software Developer,Net-Recrute,"Beirut, Lebanon",8/23/21,8,1,Software Developer
784,Software Developer C,Murex,"Beirut, Lebanon",6/19/21,6,1,Software Developer
785,Software Engineer,Algotraders,"Beirut, Lebanon",8/18/21,8,1,Engineer
786,Software Enginer,Edge Technologies,"Beirut, Lebanon",7/6/21,7,1,Engineer
787,Software Enginer Amazon Alexa,Podeo ,"Beirut, Lebanon",6/23/21,6,1,Engineer
791,Software Quality Assurance Analyst,Sword Group,"Beirut, Lebanon",8/6/21,8,1,Analyst
792,Software Quality Assurance Analyst,Css Providers,"Beirut, Lebanon",8/16/21,8,1,Analyst
793,Software Sales Specialist,Ambula,"Beirut, Lebanon",8/15/21,8,1,Sales Person
794,Solar Consultant,Sab Rds Inc,"Beirut, Lebanon",7/14/21,7,1,Consultant
795,Solution Suport Enginer,Monty Mobile,"Beirut, Lebanon",6/25/21,6,1,Engineer
796,Spa Head Therapist,Kempinski Hotels,"Beirut, Lebanon",5/23/21,5,1,Therapist
797,Spa Supervisor,Lancaster Plaza,"Beirut, Lebanon",7/6/21,7,1,advisor
798,Strategic Comunications Manager,Sucafina,"Beirut, Lebanon",6/29/21,6,1,Manager
799,Structural Enginer Bim Specialist,Dar,"Beirut, Lebanon",7/28/21,7,1,Engineer
801,Subsidiary Busines Group Lead Azure,Microsoft,"Beirut, Lebanon",7/21/21,7,1,Business Specialist
803,Suply Chain Sr Manager Demand Planing Amesa Sector Hq,Pepsico,"Beirut, Lebanon",7/30/21,7,1,Manager
805,Suport Manager Lebanon Bml National Position,Nrc Europe Norwegian Refuge Council,"Beirut, Lebanon",7/2/21,7,1,Manager
806,System Software Asociate,Novelus,"Beirut, Lebanon",7/14/21,7,1,Associate
808,Talent Acquisition And Hr Manager,Bim Pos,"Beirut, Lebanon",7/18/21,7,1,Manager
809,Talent Acquisition Manager,Chedid Capital,"Beirut, Lebanon",7/21/21,7,1,Manager
811,Talent Development Manager,Butec,"Beirut, Lebanon",8/10/21,8,1,Software Developer
812,Tax Legal Services Graduates Lebanon,Pwc,"Beirut, Lebanon",6/7/21,6,1,Services
813,Tax Legal Services Tax Tax Advisory Services Asociate Beirut,Pwc Midle East,"Beirut, Lebanon",7/30/21,7,1,Services
814,Tax Legal Services Tax Tax Advisory Services Manager Beirut,Pwc Midle East,"Beirut, Lebanon",7/29/21,7,1,Manager
816,Team Lead,Multinational Insurance Company,"Beirut, Lebanon",7/7/21,7,1,Manager
817,Team Leader,Cafe,"Beirut, Lebanon",7/22/21,7,1,Manager
818,Tech Lead-Manager (F/H),Equadis Sa,"Beirut, Lebanon",8/3/21,8,1,Manager
819,Technical Analyst,Murex,"Beirut, Lebanon",6/1/21,6,1,Analyst
820,Technical Consultant,Sns,"Beirut, Lebanon",6/17/21,6,1,Consultant
823,Technical Manager,Procedars,"Beirut, Lebanon",7/27/21,7,1,Manager
824,Technical Project Manager,Proximie,"Beirut, Lebanon",7/19/21,7,1,Manager
825,Technical Sales Manager,Ecomz,"Beirut, Lebanon",6/30/21,6,1,Sales Person
827,Technical Team Lead,Elinks,"Beirut, Lebanon",7/15/21,7,1,Manager
829,Technology And Digital Transformation Manager,Cedar White Bradley Cwb,"Beirut, Lebanon",7/30/21,7,1,Manager
831,Telesales Executive,Stelgren Sa,"Beirut, Lebanon",7/14/21,7,1,Associate
832,Trading Manager,Atavita Grenhouses,"Beirut, Lebanon",6/23/21,6,1,Manager
833,Trafic Analysis Enginer,Monty Mobile,"Beirut, Lebanon",7/26/21,7,1,Analyst
834,Trafic Manager,Ethos Interactive,"Beirut, Lebanon",7/15/21,7,1,Manager
837,Travel Consultant,Travel Bureau Lb,"Beirut, Lebanon",7/13/21,7,1,Consultant
838,Travel Consultant Ticketing Oficer,Beterfly Travel Consultancy And Services Sarl,"Beirut, Lebanon",7/26/21,7,1,Consultant
840,Ui Designer,Salem Group,"Beirut, Lebanon",8/23/21,8,1,Designer
841,Ui Designer,Designi,"Beirut, Lebanon",8/3/21,8,1,Designer
842,Ui/Ux Designer,Areeba,"Beirut, Lebanon",8/12/21,8,1,Designer
843,Uiux Designer,Areba,"Beirut, Lebanon",6/25/21,6,1,Designer
844,Uiux Designer,Netrecrute,"Beirut, Lebanon",7/6/21,7,1,Designer
845,User Experience Designer,Absolutely Digital,"Beirut, Lebanon",8/19/21,8,1,Designer
846,Ux Ua Design,Behind Pixel,"Beirut, Lebanon",7/12/21,7,1,Designer
847,Uxui Designer,Apliman,"Beirut, Lebanon",7/22/21,7,1,Designer
850,Video Editor,The Station Media Production,"Beirut, Lebanon",7/7/21,7,1,Writer
851,Videographer,Le Passeport Culinaire,"Beirut, Lebanon",8/2/21,8,1,Cinema
854,Vuejs Developer,Netrecrute,"Beirut, Lebanon",6/23/21,6,1,Software Developer
855,Vuejs Developer Fulltime Remote,Toptal,"Beirut, Lebanon",6/24/21,6,1,Software Developer
858,Warehouse Manager,Elie Sab,"Beirut, Lebanon",7/12/21,7,1,Manager
859,Warehouse Manager,Elie Saab,"Beirut, Lebanon",8/11/21,8,1,Manager
860,Water And Sanitation Advisor,Crosboundary,"Beirut, Lebanon",7/21/21,7,1,Advisor
861,Web Content Manager,Lolia,"Beirut, Lebanon",7/29/21,7,1,Manager
862,Web Developer Wordpres,Cbeir,"Beirut, Lebanon",7/16/21,7,1,Software Developer
863,Web Graphic Designer,Medica Group,"Beirut, Lebanon",7/14/21,7,1,Designer
864,Finance Officer,Drc - Danish Refugee Council,"Beqaa, Lebanon",8/17/21,8,1,Finance Specialist
865,Education Cordinator,Save The Children International,"Beqaa, Lebanon",7/23/21,7,1,Teacher
868,Back End Developer,Quayo Mobility,"Beirut, Lebanon",8/4/21,8,1,Software Developer
869,Business Enablement Ce Manager,Ey,"Beirut, Lebanon",8/20/21,8,1,Manager
870,Business Partner,Insurance Business America,"Beirut, Lebanon",8/20/21,8,1,Business Specialist
872,Et_Bo_12960_Process Business Analyst Lead,Ey,"Beirut, Lebanon",8/20/21,8,1,Analyst
873,Et_Bo_12961_Process Business Analyst Lead,Ey,"Beirut, Lebanon",8/20/21,8,1,Analyst
874,"Finance Associate Manager - Capex Planning, Amesa Sector Hq",Pepsico,"Beirut, Lebanon",8/18/21,8,1,Finance Specialist
876,Global Corporate Responsibility Lead - Communications And Engagement - Fixed Term Contract,Ey,"Beirut, Lebanon",8/20/21,8,1,Communication Specialist
877,Global Corporate Responsibility Supervising Associate - Communications And Engagement - Mat Cover,Ey,"Beirut, Lebanon",8/20/21,8,1,Associate
878,Insurance Advisor ( Agent),Allianz Sna,"Beirut, Lebanon",8/10/21,8,1,Assistant
879,Jewelry Marketing Customer Service,Falamank Fine Jewerly,"Beirut, Lebanon",8/17/21,8,1,Marketer
882,Rooms Manager,Movenpick,"Beirut, Lebanon",8/10/21,8,1,Manager
883,"Sc Sr Manager - Productivity & Lss, Amesa",Pepsico,"Beirut, Lebanon",8/18/21,8,1,Manager
884,"Sector Consumer Insights Manager â Beverages, Amesa Sector Hq",Pepsico,"Beirut, Lebanon",8/18/21,8,1,Manager
885,Senior Analyst - Consulting,Ey,"Beirut, Lebanon",8/21/21,8,1,Analyst
886,Senior Software Developer,Murex,"Beirut, Lebanon",8/20/21,8,1,Software Developer
887,"Supply Chain Sr Manager â Demand Planning, Amesa Sector Hq",Pepsico,"Beirut, Lebanon",8/21/21,8,1,Manager
888,Team Lead,Multinational Insurance Company,"Beirut, Lebanon",8/12/21,8,1,Manager
889,Electro Mechanical Technician,Philka Group,"Mount Lebanon, Lebanon",8/2/21,8,1,Technician
890,Sales Consultant,Confidential.,"Mount Lebanon, Lebanon",8/2/21,8,1,Sales Person
891,Sales Representative,Orjoan,"Mount Lebanon, Lebanon",8/5/21,8,1,Sales Person
892,Production Maintenance Supervisor,Compagnie Des Sources Du Liban - Sannine,"Mount Lebanon, Lebanon",8/16/21,8,1,advisor
894,Junior Accountant,Bv,"Mount Lebanon, Lebanon",8/10/21,8,1,Accountant
895,Graphic Designer,Addbloom,"Mount Lebanon, Lebanon",8/6/21,8,1,Designer
896,Potential Sales Unit Manager,Angels Unit,"Mount Lebanon, Lebanon",8/5/21,8,1,Sales Person
897,Unity 3D Developer,Growth Technology Llc,"Mount Lebanon, Lebanon",8/3/21,8,1,Software Developer
898,Software Engineer,Anexya,"Mount Lebanon, Lebanon",8/4/21,8,1,Engineer
899,Business Analyst,Novelus,"Mount Lebanon, Lebanon",8/12/21,8,1,Analyst
900,Graphic Designer,Librairie Antoine,"Mount Lebanon, Lebanon",8/5/21,8,1,Designer
901,Intermediate Rf Engineer,Novelus,"Mount Lebanon, Lebanon",8/11/21,8,1,Engineer
904,Mobility Therapist (195 Days),Dallas Isd,"South, Lebanon",8/16/21,8,1,Therapist
905,"Teacher, Hospital/Homebound (191 Days)",Dallas Isd,"South, Lebanon",8/18/21,8,1,Teacher
906,"Teacher, Itinerant (195 Days)",Dallas Isd,"South, Lebanon",8/18/21,8,1,Teacher
907,Maintenance Technician,NestlÃ© Waters,"Mount Lebanon, Lebanon",8/6/21,8,1,Technician
908,Social Media Specialist,Menasa,"Mount Lebanon, Lebanon",8/2/21,8,1,Social Media
909,Junior Software Engineer,General Paint Co.,"Mount Lebanon, Lebanon",8/7/21,8,1,Engineer
910,Marketing Specialist,Olfki Sarl,"Mount Lebanon, Lebanon",8/19/21,8,1,Marketer
911,Mobile App Developer (Flutter),Abiroot,"Mount Lebanon, Lebanon",8/10/21,8,1,Software Developer
912,Hair And Makeup Artist,Mimi Jay,"South, Lebanon",8/7/21,8,1,Art
914,Heavy Equipment Technician,Soprel Liban,"Mount Lebanon, Lebanon",8/2/21,8,1,Technician
915,Sales Executive,Standard Group Lb,"North, Lebanon",8/16/21,8,1,Sales Person
919,Php Web Developer,Xtreme Media Solutions Pro,"Mount Lebanon, Lebanon",8/3/21,8,1,Software Developer
920,Sales Account Executive,Klangoo,"Mount Lebanon, Lebanon",8/12/21,8,1,Sales Person
921,Senior Product Manager,Poco,"Mount Lebanon, Lebanon",8/5/21,8,1,Manager
924,Sales Consultant,Fidelity Insurance,"Mount Lebanon, Lebanon",8/5/21,8,1,Sales Person
925,Videographer Editor,And Beyond Mena,"Mount Lebanon, Lebanon",8/13/21,8,1,Cinema
926,Pharmacist,Pharmacie BiosantÃ©,"Mount Lebanon, Lebanon",8/5/21,8,1,Pharmacist
927,Marketing Intern,Eddy'S Group,"Mount Lebanon, Lebanon",8/9/21,8,1,Marketer
929,Accountant,Zaatar W Zeit,"Mount Lebanon, Lebanon",8/19/21,8,1,Accountant
930,Digital Marketer,Feer Mcqueen,"Mount Lebanon, Lebanon",8/9/21,8,1,Marketer
931,Digital Marketing Manager,Amags Global,"Mount Lebanon, Lebanon",8/20/21,8,1,Marketer
932,Unity Developer,Black Lemon,"Mount Lebanon, Lebanon",8/21/21,8,1,Software Developer
933,Bim Coordinator,A-Consult Dolly Debs Architects,"Mount Lebanon, Lebanon",8/10/21,8,1,Coordinator
935,Jewelry Matrix Designer/Operator,Jewelry,"Mount Lebanon, Lebanon",8/17/21,8,1,Operator
936,Real Estate Sales Agent,Phoenicia Real Estate,"Mount Lebanon, Lebanon",8/18/21,8,1,Sales Person
937,Graphic Designer,Rubicom Agency,"Mount Lebanon, Lebanon",8/9/21,8,1,Designer
965,Graphic Designer,Bloom Authentic Outlets,"North, Lebanon",8/9/21,8,1,Designer
966,Digital Marketing & Communication Officer,Medicals International,"Mount Lebanon, Lebanon",8/3/21,8,1,Marketer
967,Senior Art Director,Gabriel Bocti Sal,"Mount Lebanon, Lebanon",8/17/21,8,1,Art
968,Legal Officer - Qobayat,International Rescue Committee,"Akkar, Lebanon",8/11/21,8,1,Officer
969,M&E Officer - Akkar,International Rescue Committee,"Akkar, Lebanon",8/15/21,8,1,Officer
970,M&E Officer - Akkar,International Rescue Committee,"Akkar, Lebanon",8/15/21,8,1,Officer
972,Creative Bilingual Copywriter,Ethos Interactive,"Mount Lebanon, Lebanon",8/6/21,8,1,Copywriter
973,Preschool English Teacher,Goodwill International School,"Mount Lebanon, Lebanon",8/4/21,8,1,Teacher
975,Senior Digital Designer,Ethos Interactive,"Mount Lebanon, Lebanon",8/19/21,8,1,Designer
976,Academic Computer Center Supervisor,Lebanese American University,"Mount Lebanon, Lebanon",7/23/21,7,1,advisor
977,Acount Manager Iot Tracking Solutions,Malia Group,"Mount Lebanon, Lebanon",7/27/21,7,1,Manager
978,Auditor,Ek Finance,"Mount Lebanon, Lebanon",7/12/21,7,1,Accountant
980,Biologist,Sanondaf Lb,"Mount Lebanon, Lebanon",7/12/21,7,1,Scientist
981,Branch Manager,Flexzone Gymnastics,"Mount Lebanon, Lebanon",7/8/21,7,1,Manager
982,Busines Aplications Specialist,Chedid Capital,"Mount Lebanon, Lebanon",7/15/21,7,1,Business Specialist
983,Comercial Manager,Gboard,"Mount Lebanon, Lebanon",7/29/21,7,1,Manager
984,Computer Science Teacher,Plc Profesional Learning Center,"Mount Lebanon, Lebanon",7/10/21,7,1,Teacher
985,Creative Copywriter,Ethos Interactive,"Mount Lebanon, Lebanon",7/28/21,7,1,Copywriter
986,Data Integration Enginer,Apgar Consulting,"Mount Lebanon, Lebanon",7/28/21,7,1,Analyst
987,Digital Marketing Manager,Amags Global,"Mount Lebanon, Lebanon",7/19/21,7,1,Marketer
990,Embeded System Enginer,S A S Coltd Security Automation Systems,"Mount Lebanon, Lebanon",7/29/21,7,1,Engineer
991,English Teacher,Sabis ,"Mount Lebanon, Lebanon",7/29/21,7,1,Teacher
992,Executive Asistant To Chief Executive Oficer,Prosec Profesional Security,"Mount Lebanon, Lebanon",7/13/21,7,1,Associate
995,Financialegal Arabic English Lead Translator Neded In Lebanon,Rws Group,"Mount Lebanon, Lebanon",7/27/21,7,1,Finance Specialist
996,French Teacher,Sabis ,"Mount Lebanon, Lebanon",7/7/21,7,1,Teacher
997,Frontend Developer,Smartechbay,"Mount Lebanon, Lebanon",7/28/21,7,1,Software Developer
998,Full Time Masage Therapist For A  Star Hotel Spa In Lebanon ,Spa Stafcom,"Mount Lebanon, Lebanon",7/1/21,7,1,Therapist
999,Full Time Masage Therapist For A Day Spa In Lebanon ,Spa Stafcom,"Mount Lebanon, Lebanon",7/1/21,7,1,Therapist
1000,Full Time Nail Technician For A Day Spa In Lebanon ,Spa Stafcom,"Mount Lebanon, Lebanon",5/10/21,5,1,Technician
1001,Full Time Outdor Sales,Vetline Sarl,"Mount Lebanon, Lebanon",6/29/21,6,1,Sales Person
1002,Graphic Designer,Myassine Woodworks And Design,"Mount Lebanon, Lebanon",8/1/21,8,1,Designer
1003,Group Finance Manager,Roberts Group Holding,"Mount Lebanon, Lebanon",7/13/21,7,1,Finance Specialist
1009,Jewelry Salesperson,Almas,"Mount Lebanon, Lebanon",7/14/21,7,1,Sales Person
1012,Junior Designer,Maze,"Mount Lebanon, Lebanon",6/26/21,6,1,Designer
1013,Junior Graphic Designer,Blu Edge Marketing Agency,"Mount Lebanon, Lebanon",7/23/21,7,1,Designer
1014,Logistics Management Specialist,Copar,"Mount Lebanon, Lebanon",7/26/21,7,1,Manager
1015,Marketing Cordinator,Bma Paints,"Mount Lebanon, Lebanon",7/12/21,7,1,Marketer
1016,Marketing Manager,Roadster Diner,"Mount Lebanon, Lebanon",6/18/21,6,1,Marketer
1017,Marketing Translator (En>Ar),Rws Group,"Mount Lebanon, Lebanon",8/19/21,8,1,Marketer
1018,Media Executivemanager,Ethos Interactive,"Mount Lebanon, Lebanon",6/22/21,6,1,Associate
1020,Midsenior Frontend Developer,Fo,"Mount Lebanon, Lebanon",6/26/21,6,1,Software Developer
1021,Midsenior Frontend Web Developer,Fo,"Mount Lebanon, Lebanon",6/3/21,6,1,Software Developer
1022,Midsenior Java Backend Developer,Fo,"Mount Lebanon, Lebanon",6/16/21,6,1,Software Developer
1023,Mobile Aplication Developer,Asap Systems,"Mount Lebanon, Lebanon",7/26/21,7,1,Software Developer
1024,Mobile Aplication Developer Ios Or Android,Band Industries Roadie Music,"Mount Lebanon, Lebanon",7/30/21,7,1,Software Developer
1026,Outdoor Sales,Oxshare,"Mount Lebanon, Lebanon",6/23/21,6,1,Sales Person
1027,Php Developer,Smartest Media,"Mount Lebanon, Lebanon",7/30/21,7,1,Software Developer
1030,Product Designer,Menasa,"Mount Lebanon, Lebanon",7/28/21,7,1,Designer
1031,Project Manager,Indevco Group,"Mount Lebanon, Lebanon",6/18/21,6,1,Manager
1035,React Native Software Enginer,Menasa,"Mount Lebanon, Lebanon",7/28/21,7,1,Engineer
1036,Real Estate Agent,Isold Real Estate Lebanon,"Mount Lebanon, Lebanon",7/17/21,7,1,Assistant
1038,Researcher,Inovative Institutional Ideaslebanon,"Mount Lebanon, Lebanon",7/7/21,7,1,Researcher
1039,Retail Salesperson,Nakhlets,"Mount Lebanon, Lebanon",7/14/21,7,1,Sales Person
1040,Sales Manager,Bkerzay,"Mount Lebanon, Lebanon",6/26/21,6,1,Sales Person
1041,Sales Person Jewelry Retail In Dbayeh,Confedential Company,"Mount Lebanon, Lebanon",7/21/21,7,1,Sales Person
1042,Search Engine Optimization Specialist,Designer Nancy,"Mount Lebanon, Lebanon",7/24/21,7,1,Engineer
1045,Senior Auditor,Rsm Lebanon,"Mount Lebanon, Lebanon",7/21/21,7,1,Accountant
1047,Senior Java Backend Developer,Fo,"Mount Lebanon, Lebanon",6/21/21,6,1,Software Developer
1048,Senior Php Backend Developertechnical Lead,Fo,"Mount Lebanon, Lebanon",6/16/21,6,1,Software Developer
1049,Senior Sales Consultant,Trust Unit Lebanon,"Mount Lebanon, Lebanon",7/27/21,7,1,Sales Person
1050,Senior Uiux Designer,Fo,"Mount Lebanon, Lebanon",6/16/21,6,1,Designer
1051,Senior Web Enginerweb Enginer,Malia Group,"Mount Lebanon, Lebanon",6/16/21,6,1,Engineer
1053,Software Developer,Pslab,"Mount Lebanon, Lebanon",7/15/21,7,1,Software Developer
1054,Software Development Team Lead,Bsynchro,"Mount Lebanon, Lebanon",7/13/21,7,1,Software Developer
1055,Structural Enginer,Necons,"Mount Lebanon, Lebanon",7/8/21,7,1,Engineer
1056,Support Manager,Norwegian Refugee Council,"Mount Lebanon, Lebanon",8/20/21,8,1,Manager
1057,Team Leader Software Enginer,Menasa,"Mount Lebanon, Lebanon",7/28/21,7,1,Manager
1058,Technical Data Enginer,Apgar Consulting,"Mount Lebanon, Lebanon",7/28/21,7,1,Analyst
1060,Warehouse And Distribution Manager,Droguerie De L Union,"Mount Lebanon, Lebanon",7/16/21,7,1,Manager
1061,Web Developer,Softrasys,"Mount Lebanon, Lebanon",7/8/21,7,1,Software Developer
1063,Animator,Behind Pixel,"North, Lebanon",6/24/21,6,1,Animator
1064,Artificial Inteligence Enginer,Roze Ai,"North, Lebanon",7/19/21,7,1,Art
1065,Beirut Finance Asociate G,Un World Fod Programe Wfp,"North, Lebanon",7/23/21,7,1,Finance Specialist
1067,Chief Technology Oficer,Colege Nationalminieh,"North, Lebanon",6/25/21,6,1,Technology Specialist
1068,Customer Service,Presentail,"North, Lebanon",6/24/21,6,1,Services
1069,Financial Advisor,Alvin D'Or,"North, Lebanon",8/15/21,8,1,Finance Specialist
1070,Financial And Operations Controler,Crosboundary,"North, Lebanon",6/28/21,6,1,Finance Specialist
1071,Guest Services Manager,Handson Management Services,"North, Lebanon",7/22/21,7,1,Manager
1072,Information Field Asistant Lebanon South,Nrc Europe Norwegian Refuge Council,"North, Lebanon",7/29/21,7,1,Assistant
1073,Junior Asociate,Dc Legal Services,"North, Lebanon",6/11/21,6,1,Associate
1074,Operation Manager,New Company,"North, Lebanon",7/29/21,7,1,Manager
1075,Senior Acounting Manager,Direct Trading Technologies Ltd,"North, Lebanon",7/8/21,7,1,Manager
1077,Account Manager,Al Hachem Superstore,"Mount Lebanon, Lebanon",8/10/21,8,1,Accountant
1078,Graphic Designer,Matensa,"Mount Lebanon, Lebanon",8/2/21,8,1,Designer
1079,Software Sales Specialist,Click Round Technologies,"South, Lebanon",8/5/21,8,1,Sales Person
1080,Full Stack Developer,Pioneers Gate,"South, Lebanon",8/3/21,8,1,Software Developer
1081,Ai Jobs -Photo Collection â Global Participants,Transperfect,"South, Lebanon",8/13/21,8,1,Analyst
1083,Horticulture And Pest Control Manager,Mj Services Group,"South, Lebanon",8/6/21,8,1,Manager
1084,Restaurant And Area Operation Manager,ï§ Elpadrino Italian And Baba Sweets,"South, Lebanon",8/20/21,8,1,Manager
1085,Saleswoman,Ghosn Group,"Mount Lebanon, Lebanon",8/8/21,8,1,Sales Person
1086,Senior Android Developer â Full-Time,Toptal,"South, Lebanon",8/18/21,8,1,Software Developer
1087,Senior Blockchain Developer â Full-Time,Toptal,"South, Lebanon",8/18/21,8,1,Software Developer
1088,Senior Ruby On Rails Developer â Full-Time,Toptal,"South, Lebanon",8/18/21,8,1,Software Developer
1089,"Senior Go Developer â Full-Time, Remote",Toptal,"South, Lebanon",8/2/21,8,1,Software Developer
1090,"Senior React Developer â Full-Time, Remote",Toptal,"South, Lebanon",8/2/21,8,1,Software Developer
1091,Actuarial Analyst,Globemed Group,"Mount Lebanon, Lebanon",8/12/21,8,1,Analyst
1092,Business Intelligence Manager,Globemed Group,"Mount Lebanon, Lebanon",8/2/21,8,1,Manager
1094,Creative Designer,Globemed Group,"Mount Lebanon, Lebanon",8/10/21,8,1,Designer
1095,Graphic Designer,Dental Labs & Clinics,"Mount Lebanon, Lebanon",8/3/21,8,1,Designer
1096,Intermediate Software Engineer,The Web Addicts,"Mount Lebanon, Lebanon",8/23/21,8,1,Engineer
1097,Marketing Executive,Emc- Elie Melhem Clinics,"Mount Lebanon, Lebanon",8/23/21,8,1,Marketer
1098,Quality Assurance Analyst,Globemed Group,"Mount Lebanon, Lebanon",8/2/21,8,1,Analyst
1099,Sales Executive,Pictura Sal,"Mount Lebanon, Lebanon",8/5/21,8,1,Sales Person
1100,Senior Android Developer,Foo,"Mount Lebanon, Lebanon",8/1/21,8,1,Software Developer
1101,Senior Art Director,Levant Communication Group,"Mount Lebanon, Lebanon",8/10/21,8,1,Art
1102,Senior Java Backend Developer,Foo,"Mount Lebanon, Lebanon",8/22/21,8,1,Software Developer
1103,Senior System Administrator (Linux),Foo,"Mount Lebanon, Lebanon",8/22/21,8,1,Administrator
1105,Acount Manager,Acacel,"South, Lebanon",7/7/21,7,1,Manager
1106,Administrator,Gc Services,"South, Lebanon",7/6/21,7,1,Administrator
1107,Asistant Profesor Of Computer Science,American University Of Technology,"South, Lebanon",7/16/21,7,1,Assistant
1108,Data Entry Clerk,Transperfect,"South, Lebanon",6/22/21,6,1,Analyst
1109,Food Hygiene Safety Supervisor,Gc Services,"South, Lebanon",6/5/21,6,1,advisor
1110,Furniture Designer,Baydoun Design,"South, Lebanon",7/31/21,7,1,Designer
1111,Head Chef,Gc Services,"South, Lebanon",6/5/21,6,1,Chef
1112,Operations Manager Catering Project,Gc Services,"South, Lebanon",6/5/21,6,1,Manager
1113,Senior Sales Executive,Mplast,"South, Lebanon",7/30/21,7,1,Sales Person
1114,Staf Asistant,United Nations Escap,"South, Lebanon",6/16/21,6,1,Assistant
1116,Executive Chef,Quick Meal Group Sarl,"Beqaa, Lebanon",8/5/21,8,1,Chef
1117,Head Of Project - Economic Development*,Welthungerhilfe,"Akkar, Lebanon",8/20/21,8,1,Software Developer
1118,Senior Android Developer â Full-Time,Toptal,"North, Lebanon",8/18/21,8,1,Software Developer
1119,Senior Blockchain Developer â Full-Time,Toptal,"North, Lebanon",8/19/21,8,1,Software Developer
1120,Senior Ruby On Rails Developer â Full-Time,Toptal,"North, Lebanon",8/18/21,8,1,Software Developer
1121,Ai Jobs -Photo Collection â Global Participants,Transperfect,"North, Lebanon",8/13/21,8,1,Analyst
1122,Beirut - External Partnerships Officer Sc 8,World Food Programme,"North, Lebanon",8/20/21,8,1,Officer
1123,Beirut- Programme Policy Officer (Gender) Sc 8,World Food Programme,"North, Lebanon",8/10/21,8,1,Officer
1124,Digital Marketing Executive,Brio Bags,"North, Lebanon",8/15/21,8,1,Marketer
1125,Executive Chef,Khoury Kitchen,"North, Lebanon",8/12/21,8,1,Chef
1126,External Relations Associate - 28928,"Unhcr, The Un Refugee Agency","North, Lebanon",8/11/21,8,1,Associate
1127,Graphic Designer,Codendot,"North, Lebanon",8/5/21,8,1,Designer
1128,Mobile Application Developer,Vagary,"North, Lebanon",8/13/21,8,1,Software Developer
1129,Scholarship Program Coordinator,Lebanese Association For Scientific Research (Laser),"North, Lebanon",8/18/21,8,1,Coordinator
1130,"Senior Go Developer â Full-Time, Remote",Toptal,"North, Lebanon",8/2/21,8,1,Software Developer
1131,"Senior React Developer â Full-Time, Remote",Toptal,"North, Lebanon",8/2/21,8,1,Software Developer
1132,"Senior Wordpress Developer âAI Full-Time, Remote",Toptal,"North, Lebanon",8/19/21,8,1,Software Developer
1133,Web Developer,Artech,"North, Lebanon",8/10/21,8,1,Software Developer
1135,Senior Android Developer â Full-Time,Toptal,"South, Lebanon",8/18/21,8,1,Software Developer
1136,Senior Blockchain Developer â Full-Time,Toptal,"South, Lebanon",8/18/21,8,1,Software Developer
1137,Senior Ruby On Rails Developer â Full-Time,Toptal,"South, Lebanon",8/18/21,8,1,Software Developer
1138,"Senior Go Developer â Full-Time, Remote",Toptal,"South, Lebanon",8/2/21,8,1,Software Developer
1139,"Senior React Developer â Full-Time, Remote",Toptal,"South, Lebanon",8/2/21,8,1,Software Developer
1140,Ai Jobs -Photo Collection â Global Participants,Transperfect,"Beqaa, Lebanon",8/18/21,8,1,Analyst
1141,Pharmacist,Kadri Pharmacy,"Beqaa, Lebanon",8/6/21,8,1,Pharmacist
1142,Senior Community-Based Protection Assistant - 28927,"Unhcr, The Un Refugee Agency","Beqaa, Lebanon",8/11/21,8,1,Assistant
1143,"Analyst, Commercial Technologies Software Engineering",Cardinal Health,"Mount Lebanon, Lebanon",8/21/21,8,1,Analyst
1144,Dental Laboratory Technician,Technological Crown Innovation,"Mount Lebanon, Lebanon",8/2/21,8,1,Technician
1145,Digital Manager,Iaat Education,"Mount Lebanon, Lebanon",8/3/21,8,1,Manager
1146,Sales Consultant,Multinational Insurance Company,"Mount Lebanon, Lebanon",8/23/21,8,1,Sales Person
1147,Sales Representative,Safelane Insurance Solutions,"Mount Lebanon, Lebanon",8/2/21,8,1,Sales Person
1148,Director General,St.John Technical Institute,"North, Lebanon",8/3/21,8,1,Cinema
1149,Mobile Application Developer,New Company,"North, Lebanon",8/9/21,8,1,Software Developer
1150,Area Account Manager,Cummins Inc.,"Mount Lebanon, Lebanon",8/12/21,8,1,Accountant
1151,Digital Marketing Specialist,Debbane Saikali Group,"Mount Lebanon, Lebanon",8/11/21,8,1,Marketer
1152,Food Services Sales Representative,Meptico Sal,"Mount Lebanon, Lebanon",8/17/21,8,1,Sales Person
1153,Pharmacist,Pharmacie Ste ThÃ©RÃ¨Se Zouk Mikael,"Mount Lebanon, Lebanon",8/17/21,8,1,Pharmacist
1155,Senior Interior Designer,Sahaco,"Mount Lebanon, Lebanon",8/3/21,8,1,Designer
1156,Senior Web Developer,Webboxed,"Mount Lebanon, Lebanon",8/5/21,8,1,Software Developer